Código da Árvore;DAP;HT;Altura da secção;Diâmetro da secção;Espessura da casca;talhao;material_genetico_cod;idade;V5casca
1;12;24.8;0.1;13.45;0.4;T-6;GG-100;2;0.008153022
1;12;24.8;0.7;12.85;0.3;T-6;GG-100;2;0.007283527
1;12;24.8;1.3;12;0.3;T-6;GG-100;2;0.007753598
1;12;24.8;2;11.75;0.3;T-6;GG-100;2;0.010347719
1;12;24.8;3;11.2;0.2;T-6;GG-100;2;0.009338384
1;12;24.8;4;10.6;0.2;T-6;GG-100;2;0.008824734
1;12;24.8;5;10.6;0.2;T-6;GG-100;2;0.007664308
1;12;24.8;6;9.1;0.2;T-6;GG-100;2;0.006293003
1;12;24.8;7;8.8;0.2;T-6;GG-100;2;0.005878313
1;12;24.8;8;8.5;0.2;T-6;GG-100;2;0.00541375
1;12;24.8;9;8.1;0.2;T-6;GG-100;2;0.004838763
1;12;24.8;10;7.59;0.1;T-6;GG-100;2;0.004326389
1;12;24.8;11;7.25;0.1;T-6;GG-100;2;0.004043721
1;12;24.8;12;7.1;0.1;T-6;GG-100;2;0.003613322
1;12;24.8;13;6.45;0.1;T-6;GG-100;2;0.003242222
1;12;24.8;14;6.4;0.1;T-6;GG-100;2;0.003069729
1;12;24.8;15;6.1;0.1;T-6;GG-100;2;0.002585236
1;12;24.8;16;5.35;0.1;T-6;GG-100;2;0.002066873
1;12;24.8;17;4.9;0.1;T-6;GG-100;2;0.001619196
1;12;24.8;18;4.15;0.1;T-6;GG-100;2;0.001289035
1;12;24.8;19;3.95;0.1;T-6;GG-100;2;0.001118823
1;12;24.8;20;3.59;0.1;T-6;GG-100;2;0.000859544
1;12;24.8;21;3;0.1;T-6;GG-100;2;0.000518461
1;12;24.8;22;2.05;0.1;T-6;GG-100;2;0.000225413
1;12;24.8;23;1.24;0.1;T-6;GG-100;2;8.12384E-05
1;12;24.8;24;0.8;0.1;T-6;GG-100;2;0
2;12.5;26.4;0.1;14.7;0.7;T-6;GG-100;2;0.009165891
2;12.5;26.4;0.7;13.15;0.5;T-6;GG-100;2;0.007755944
2;12.5;26.4;1.3;12.5;0.5;T-6;GG-100;2;0.008617825
2;12.5;26.4;2;12.54;0.4;T-6;GG-100;2;0.011505066
2;12.5;26.4;3;11.65;0.4;T-6;GG-100;2;0.010568514
2;12.5;26.4;4;11.55;0.3;T-6;GG-100;2;0.009819146
2;12.5;26.4;5;10.8;0.3;T-6;GG-100;2;0.008468261
2;12.5;26.4;6;9.95;0.3;T-6;GG-100;2;0.007659301
2;12.5;26.4;7;9.8;0.2;T-6;GG-100;2;0.007023423
2;12.5;26.4;8;9.1;0.2;T-6;GG-100;2;0.006327658
2;12.5;26.4;9;8.85;0.2;T-6;GG-100;2;0.005813714
2;12.5;26.4;10;8.35;0.2;T-6;GG-100;2;0.0054433
2;12.5;26.4;11;8.3;0.2;T-6;GG-100;2;0.005063953
2;12.5;26.4;12;7.75;0.2;T-6;GG-100;2;0.004597132
2;12.5;26.4;13;7.55;0.2;T-6;GG-100;2;0.004162708
2;12.5;26.4;14;7;0.2;T-6;GG-100;2;0.003453301
2;12.5;26.4;15;6.24;0.2;T-6;GG-100;2;0.003038611
2;12.5;26.4;16;6.2;0.2;T-6;GG-100;2;0.002719147
2;12.5;26.4;17;5.55;0.2;T-6;GG-100;2;0.002291988
2;12.5;26.4;18;5.25;0.1;T-6;GG-100;2;0.002044588
2;12.5;26.4;19;4.95;0.1;T-6;GG-100;2;0.00186699
2;12.5;26.4;20;4.8;0.1;T-6;GG-100;2;0.001517487
2;12.5;26.4;21;3.95;0.1;T-6;GG-100;2;0.001027497
2;12.5;26.4;22;3.25;0.1;T-6;GG-100;2;0.000756535
2;12.5;26.4;23;2.95;0.1;T-6;GG-100;2;0.00054055
2;12.5;26.4;24;2.25;0.1;T-6;GG-100;2;0.000363836
2;12.5;26.4;25;2.05;0.1;T-6;GG-100;2;0.000284461
2;12.5;26.4;26;1.85;0.1;T-6;GG-100;2;0
3;13;27.3;0.1;15.15;0.6;T-6;GG-100;2;0.009632467
3;13;27.3;0.7;13.39;0.3;T-6;GG-100;2;0.008206439
3;13;27.3;1.3;13;0.3;T-6;GG-100;2;0.00929126
3;13;27.3;2;13;0.3;T-6;GG-100;2;0.012244456
3;13;27.3;3;11.95;0.3;T-6;GG-100;2;0.010533858
3;13;27.3;4;11.2;0.2;T-6;GG-100;2;0.009173451
3;13;27.3;5;10.4;0.2;T-6;GG-100;2;0.008253357
3;13;27.3;6;10.1;0.2;T-6;GG-100;2;0.007777405
3;13;27.3;7;9.8;0.2;T-6;GG-100;2;0.007059257
3;13;27.3;8;9.15;0.2;T-6;GG-100;2;0.006294377
3;13;27.3;9;8.75;0.2;T-6;GG-100;2;0.005944875
3;13;27.3;10;8.65;0.2;T-6;GG-100;2;0.005420229
3;13;27.3;11;7.95;0.2;T-6;GG-100;2;0.004655687
3;13;27.3;12;7.44;0.1;T-6;GG-100;2;0.004125543
3;13;27.3;13;7.05;0.1;T-6;GG-100;2;0.003714639
3;13;27.3;14;6.7;0.1;T-6;GG-100;2;0.003396553
3;13;27.3;15;6.45;0.1;T-6;GG-100;2;0.003192349
3;13;27.3;16;6.3;0.1;T-6;GG-100;2;0.002807783
3;13;27.3;17;5.64;0.1;T-6;GG-100;2;0.002331537
3;13;27.3;18;5.25;0.1;T-6;GG-100;2;0.002025247
3;13;27.3;19;4.9;0.1;T-6;GG-100;2;0.001685955
3;13;27.3;20;4.35;0.1;T-6;GG-100;2;0.001355794
3;13;27.3;21;3.95;0.1;T-6;GG-100;2;0.000954455
3;13;27.3;22;2.95;0.1;T-6;GG-100;2;0.000567941
3;13;27.3;23;2.4;0.1;T-6;GG-100;2;0.000375518
3;13;27.3;24;1.95;0.1;T-6;GG-100;2;0.000226293
3;13;27.3;25;1.4;0.1;T-6;GG-100;2;0.000115457
3;13;27.3;26;0.99;0.1;T-6;GG-100;2;5.2326E-05
3;13;27.3;27;0.65;0.1;T-6;GG-100;2;0
4;13;28.4;0.1;15;0.7;T-6;GG-100;2;0.009344903
4;13;28.4;0.7;13.1;0.4;T-6;GG-100;2;0.008025434
4;13;28.4;1.3;13;0.4;T-6;GG-100;2;0.009255593
4;13;28.4;2;12.95;0.3;T-6;GG-100;2;0.012662821
4;13;28.4;3;12.44;0.3;T-6;GG-100;2;0.01286781
4;13;28.4;4;13.15;0.2;T-6;GG-100;2;0.012445517
4;13;28.4;5;12;0.2;T-6;GG-100;2;0.010406526
4;13;28.4;6;11;0.2;T-6;GG-100;2;0.009081166
4;13;28.4;7;10.5;0.2;T-6;GG-100;2;0.008335431
4;13;28.4;8;10.1;0.2;T-6;GG-100;2;0.007815988
4;13;28.4;9;9.85;0.2;T-6;GG-100;2;0.007316966
4;13;28.4;10;9.45;0.2;T-6;GG-100;2;0.006794676
4;13;28.4;11;9.15;0.2;T-6;GG-100;2;0.006433393
4;13;28.4;12;8.95;0.2;T-6;GG-100;2;0.005850922
4;13;28.4;13;8.3;0.2;T-6;GG-100;2;0.00518726
4;13;28.4;14;7.95;0.2;T-6;GG-100;2;0.004655687
4;13;28.4;15;7.44;0.2;T-6;GG-100;2;0.004097956
4;13;28.4;16;7;0.2;T-6;GG-100;2;0.003507686
4;13;28.4;17;6.35;0.2;T-6;GG-100;2;0.003020838
4;13;28.4;18;6.05;0.2;T-6;GG-100;2;0.002713256
4;13;28.4;19;5.7;0.2;T-6;GG-100;2;0.00227736
4;13;28.4;20;5.05;0.1;T-6;GG-100;2;0.001810896
4;13;28.4;21;4.54;0.1;T-6;GG-100;2;0.001422124
4;13;28.4;22;3.95;0.1;T-6;GG-100;2;0.001135882
4;13;28.4;23;3.65;0.1;T-6;GG-100;2;0.000740041
4;13;28.4;24;2.35;0.1;T-6;GG-100;2;0.000351269
4;13;28.4;25;1.85;0.1;T-6;GG-100;2;0.000181918
4;13;28.4;26;1.1;0.1;T-6;GG-100;2;6.96059E-05
4;13;28.4;27;0.75;0.1;T-6;GG-100;2;3.227E-05
4;13;28.4;28;0.55;0.1;T-6;GG-100;2;0
5;13.75;26.9;0.1;15.1;0.5;T-6;GG-100;2;0.010360482
5;13.75;26.9;0.7;14.55;0.5;T-6;GG-100;2;0.009442803
5;13.75;26.9;1.3;13.75;0.3;T-6;GG-100;2;0.010318934
5;13.75;26.9;2;13.65;0.3;T-6;GG-100;2;0.01458023
5;13.75;26.9;3;13.6;0.3;T-6;GG-100;2;0.014356827
5;13.75;26.9;4;13.44;0.3;T-6;GG-100;2;0.012795554
5;13.75;26.9;5;12.05;0.3;T-6;GG-100;2;0.011077747
5;13.75;26.9;6;11.7;0.3;T-6;GG-100;2;0.010257791
5;13.75;26.9;7;11.15;0.3;T-6;GG-100;2;0.009462575
5;13.75;26.9;8;10.8;0.3;T-6;GG-100;2;0.008706237
5;13.75;26.9;9;10.25;0.3;T-6;GG-100;2;0.0078207
5;13.75;26.9;10;9.7;0.3;T-6;GG-100;2;0.007054937
5;13.75;26.9;11;9.25;0.2;T-6;GG-100;2;0.006298304
5;13.75;26.9;12;8.65;0.2;T-6;GG-100;2;0.005775524
5;13.75;26.9;13;8.5;0.2;T-6;GG-100;2;0.00541375
5;13.75;26.9;14;8.1;0.2;T-6;GG-100;2;0.004904812
5;13.75;26.9;15;7.7;0.2;T-6;GG-100;2;0.004335889
5;13.75;26.9;16;7.15;0.2;T-6;GG-100;2;0.003631186
5;13.75;26.9;17;6.43;0.2;T-6;GG-100;2;0.003060987
5;13.75;26.9;18;6.05;0.2;T-6;GG-100;2;0.002499235
5;13.75;26.9;19;5.2;0.1;T-6;GG-100;2;0.001784586
5;13.75;26.9;20;4.29;0.2;T-6;GG-100;2;0.001320023
5;13.75;26.9;21;3.9;0.1;T-6;GG-100;2;0.000939042
5;13.75;26.9;22;2.95;0.1;T-6;GG-100;2;0.000506778
5;13.75;26.9;23;2.05;0.1;T-6;GG-100;2;0.000277191
5;13.75;26.9;24;1.69;0.1;T-6;GG-100;2;0.000159675
5;13.75;26.9;25;1.1;0.1;T-6;GG-100;2;6.61256E-05
5;13.75;26.9;26;0.75;0.1;T-6;GG-100;2;0
6;13.55;27.1;0.1;14.95;0.6;T-6;GG-100;2;0.009656274
6;13.55;27.1;0.7;13.65;0.5;T-6;GG-100;2;0.008716152
6;13.55;27.1;1.3;13.55;0.5;T-6;GG-100;2;0.009975586
6;13.55;27.1;2;13.39;0.5;T-6;GG-100;2;0.013677399
6;13.55;27.1;3;13;0.3;T-6;GG-100;2;0.012386122
6;13.55;27.1;4;12.1;0.3;T-6;GG-100;2;0.011499015
6;13.55;27.1;5;12.1;0.4;T-6;GG-100;2;0.010988211
6;13.55;27.1;6;11.55;0.3;T-6;GG-100;2;0.010288641
6;13.55;27.1;7;11.34;0.3;T-6;GG-100;2;0.009844891
6;13.55;27.1;8;11.05;0.2;T-6;GG-100;2;0.009083326
6;13.55;27.1;9;10.45;0.2;T-6;GG-100;2;0.008366006
6;13.55;27.1;10;10.19;0.2;T-6;GG-100;2;0.00777254
6;13.55;27.1;11;9.7;0.2;T-6;GG-100;2;0.007054937
6;13.55;27.1;12;9.25;0.2;T-6;GG-100;2;0.006298304
6;13.55;27.1;13;8.65;0.2;T-6;GG-100;2;0.005709157
6;13.55;27.1;14;8.4;0.2;T-6;GG-100;2;0.005284159
6;13.55;27.1;15;8;0.2;T-6;GG-100;2;0.004634733
6;13.55;27.1;16;7.35;0.1;T-6;GG-100;2;0.003884285
6;13.55;27.1;17;6.7;0.1;T-6;GG-100;2;0.003442463
6;13.55;27.1;18;6.54;0.1;T-6;GG-100;2;0.003046622
6;13.55;27.1;19;5.9;0.1;T-6;GG-100;2;0.002490988
6;13.55;27.1;20;5.35;0.1;T-6;GG-100;2;0.002086214
6;13.55;27.1;21;4.95;0.1;T-6;GG-100;2;0.001654932
6;13.55;27.1;22;4.2;0.1;T-6;GG-100;2;0.001369047
6;13.55;27.1;23;4.15;0.1;T-6;GG-100;2;0.001168441
6;13.55;27.1;24;3.54;0.1;T-6;GG-100;2;0.000833861
6;13.55;27.1;25;2.95;0.1;T-6;GG-100;2;0.000455236
6;13.55;27.1;26;1.7;0.1;T-6;GG-100;2;0.00014438
6;13.55;27.1;27;0.99;0.1;T-6;GG-100;2;0
7;14.3;27.9;0.1;15.9;0.5;T-6;GG-100;2;0.011329054
7;14.3;27.9;0.7;15.1;0.4;T-6;GG-100;2;0.010190541
7;14.3;27.9;1.3;14.3;0.4;T-6;GG-100;2;0.011440689
7;14.3;27.9;2;14.55;0.3;T-6;GG-100;2;0.015417562
7;14.3;27.9;3;13.45;0.3;T-6;GG-100;2;0.013689686
7;14.3;27.9;4;12.95;0.3;T-6;GG-100;2;0.012526806
7;14.3;27.9;5;12.3;0.3;T-6;GG-100;2;0.012028078
7;14.3;27.9;6;12.45;0.3;T-6;GG-100;2;0.011694775
7;14.3;27.9;7;11.95;0.3;T-6;GG-100;2;0.010846545
7;14.3;27.9;8;11.55;0.3;T-6;GG-100;2;0.010120837
7;14.3;27.9;9;11.15;0.2;T-6;GG-100;2;0.009462575
7;14.3;27.9;10;10.8;0.2;T-6;GG-100;2;0.008468261
7;14.3;27.9;11;9.95;0.2;T-6;GG-100;2;0.007104123
7;14.3;27.9;12;9.05;0.2;T-6;GG-100;2;0.006222906
7;14.3;27.9;13;8.75;0.2;T-6;GG-100;2;0.005551391
7;14.3;27.9;14;8.05;0.2;T-6;GG-100;2;0.004995623
7;14.3;27.9;15;7.9;0.2;T-6;GG-100;2;0.004458411
7;14.3;27.9;16;7.15;0.2;T-6;GG-100;2;0.00363624
7;14.3;27.9;17;6.44;0.2;T-6;GG-100;2;0.003212125
7;14.3;27.9;18;6.35;0.2;T-6;GG-100;2;0.002810571
7;14.3;27.9;19;5.59;0.2;T-6;GG-100;2;0.002068935
7;14.3;27.9;20;4.63;0.2;T-6;GG-100;2;0.001727852
7;14.3;27.9;21;4.75;0.2;T-6;GG-100;2;0.001546154
7;14.3;27.9;22;4.1;0.2;T-6;GG-100;2;0.00121236
7;14.3;27.9;23;3.75;0.1;T-6;GG-100;2;0.000793759
7;14.3;27.9;24;2.48;0.1;T-6;GG-100;2;0.000347146
7;14.3;27.9;25;1.64;0.1;T-6;GG-100;2;0.000148915
7;14.3;27.9;26;1.05;0.1;T-6;GG-100;2;6.21152E-05
7;14.3;27.9;27;0.75;0.1;T-6;GG-100;2;0
8;14.5;27.8;0.1;16.55;0.8;T-6;GG-100;2;0.012107131
8;14.5;27.8;0.7;15.49;0.5;T-6;GG-100;2;0.010607354
8;14.5;27.8;1.3;14.5;0.5;T-6;GG-100;2;0.011205933
8;14.5;27.8;2;14.05;0.4;T-6;GG-100;2;0.014962031
8;14.5;27.8;3;13.55;0.4;T-6;GG-100;2;0.013846668
8;14.5;27.8;4;13;0.3;T-6;GG-100;2;0.012481548
8;14.5;27.8;5;12.2;0.3;T-6;GG-100;2;0.011312875
8;14.5;27.8;6;11.8;0.3;T-6;GG-100;2;0.01052679
8;14.5;27.8;7;11.35;0.3;T-6;GG-100;2;0.010388658
8;14.5;27.8;8;11.65;0.2;T-6;GG-100;2;0.010081469
8;14.5;27.8;9;11;0.2;T-6;GG-100;2;0.009040031
8;14.5;27.8;10;10.45;0.2;T-6;GG-100;2;0.008374013
8;14.5;27.8;11;10.2;0.2;T-6;GG-100;2;0.00797346
8;14.5;27.8;12;9.95;0.2;T-6;GG-100;2;0.007284273
8;14.5;27.8;13;9.3;0.2;T-6;GG-100;2;0.006403057
8;14.5;27.8;14;8.75;0.2;T-6;GG-100;2;0.005488559
8;14.5;27.8;15;7.95;0.2;T-6;GG-100;2;0.004632377
8;14.5;27.8;16;7.4;0.2;T-6;GG-100;2;0.004157996
8;14.5;27.8;17;7.15;0.2;T-6;GG-100;2;0.003959388
8;14.5;27.8;18;7.05;0.2;T-6;GG-100;2;0.003560308
8;14.5;27.8;19;6.4;0.2;T-6;GG-100;2;0.003137571
8;14.5;27.8;20;6.24;0.1;T-6;GG-100;2;0.002611453
8;14.5;27.8;21;5.25;0.1;T-6;GG-100;2;0.002025247
8;14.5;27.8;22;4.9;0.1;T-6;GG-100;2;0.001652183
8;14.5;27.8;23;4.25;0.1;T-6;GG-100;2;0.001098968
8;14.5;27.8;24;3.15;0.1;T-6;GG-100;2;0.000675933
8;14.5;27.8;25;2.7;0.1;T-6;GG-100;2;0.000449703
8;14.5;27.8;26;2.04;0.1;T-6;GG-100;2;0.00026307
8;14.5;27.8;27;1.7;0.1;T-6;GG-100;2;0
9;14.1;27.4;0.1;16.15;0.6;T-6;GG-100;2;0.011133608
9;14.1;27.4;0.7;14.55;0.4;T-6;GG-100;2;0.009672473
9;14.1;27.4;1.3;14.1;0.4;T-6;GG-100;2;0.011047047
9;14.1;27.4;2;14.25;0.3;T-6;GG-100;2;0.014764896
9;14.1;27.4;3;13.15;0.3;T-6;GG-100;2;0.01286781
9;14.1;27.4;4;12.44;0.3;T-6;GG-100;2;0.0119701
9;14.1;27.4;5;12.25;0.3;T-6;GG-100;2;0.011500782
9;14.1;27.4;6;11.95;0.2;T-6;GG-100;2;0.010577939
9;14.1;27.4;7;11.25;0.2;T-6;GG-100;2;0.009136242
9;14.1;27.4;8;10.3;0.3;T-6;GG-100;2;0.008053964
9;14.1;27.4;9;9.95;0.2;T-6;GG-100;2;0.007469333
9;14.1;27.4;10;9.55;0.2;T-6;GG-100;2;0.006833455
9;14.1;27.4;11;9.1;0.3;T-6;GG-100;2;0.006016232
9;14.1;27.4;12;8.39;0.3;T-6;GG-100;2;0.005246248
9;14.1;27.4;13;7.95;0.2;T-6;GG-100;2;0.004489532
9;14.1;27.4;14;7.15;0.2;T-6;GG-100;2;0.003611049
9;14.1;27.4;15;6.39;0.2;T-6;GG-100;2;0.003157151
9;14.1;27.4;16;6.29;0.2;T-6;GG-100;2;0.002897593
9;14.1;27.4;17;5.85;0.2;T-6;GG-100;2;0.00202024
9;14.1;27.4;18;4.15;0.2;T-6;GG-100;2;0.001124961
9;14.1;27.4;19;3.38;0.2;T-6;GG-100;2;0.000916045
9;14.1;27.4;20;3.45;0.1;T-6;GG-100;2;0.000809156
9;14.1;27.4;21;2.95;0.1;T-6;GG-100;2;0.000628024
9;14.1;27.4;22;2.7;0.1;T-6;GG-100;2;0.000399768
9;14.1;27.4;23;1.7;0.1;T-6;GG-100;2;0.000161007
9;14.1;27.4;24;1.1;0.1;T-6;GG-100;2;8.67865E-05
9;14.1;27.4;25;1;0.1;T-6;GG-100;2;6.76424E-05
9;14.1;27.4;26;0.85;0.1;T-6;GG-100;2;3.45084E-05
9;14.1;27.4;27;0.45;0.1;T-6;GG-100;2;0
10;15.55;28.1;0.1;17.05;0.6;T-6;GG-100;2;0.012843734
10;15.55;28.1;0.7;15.95;0.4;T-6;GG-100;2;0.011691555
10;15.55;28.1;1.3;15.55;0.4;T-6;GG-100;2;0.011996309
10;15.55;28.1;2;13.95;0.3;T-6;GG-100;2;0.015504741
10;15.55;28.1;3;14.15;0.3;T-6;GG-100;2;0.014757042
10;15.55;28.1;4;13.25;0.3;T-6;GG-100;2;0.013020433
10;15.55;28.1;5;12.49;0.3;T-6;GG-100;2;0.012203269
10;15.55;28.1;6;12.44;0.3;T-6;GG-100;2;0.011545102
10;15.55;28.1;7;11.8;0.3;T-6;GG-100;2;0.010350075
10;15.55;28.1;8;11.15;0.3;T-6;GG-100;2;0.009633792
10;15.55;28.1;9;11;0.3;T-6;GG-100;2;0.009031828
10;15.55;28.1;10;10.44;0.2;T-6;GG-100;2;0.008013264
10;15.55;28.1;11;9.75;0.2;T-6;GG-100;2;0.007166169
10;15.55;28.1;12;9.35;0.2;T-6;GG-100;2;0.007007091
10;15.55;28.1;13;9.54;0.2;T-6;GG-100;2;0.00658062
10;15.55;28.1;14;8.75;0.2;T-6;GG-100;2;0.005365251
10;15.55;28.1;15;7.75;0.2;T-6;GG-100;2;0.004422773
10;15.55;28.1;16;7.25;0.2;T-6;GG-100;2;0.004043721
10;15.55;28.1;17;7.1;0.2;T-6;GG-100;2;0.003822238
10;15.55;28.1;18;6.85;0.2;T-6;GG-100;2;0.003396321
10;15.55;28.1;19;6.29;0.2;T-6;GG-100;2;0.002711548
10;15.55;28.1;20;5.43;0.2;T-6;GG-100;2;0.002043897
10;15.55;28.1;21;4.75;0.2;T-6;GG-100;2;0.001380926
10;15.55;28.1;22;3.55;0.1;T-6;GG-100;2;0.000781177
10;15.55;28.1;23;2.7;0.1;T-6;GG-100;2;0.000435601
10;15.55;28.1;24;1.95;0.1;T-6;GG-100;2;0.00019684
10;15.55;28.1;25;1.1;0.1;T-6;GG-100;2;8.29577E-05
10;15.55;28.1;26;0.95;0.1;T-6;GG-100;2;6.38136E-05
10;15.55;28.1;27;0.85;0.1;T-6;GG-100;2;3.45084E-05
10;15.55;28.1;28;0.45;0.1;T-6;GG-100;2;0
11;15.05;30.1;0.1;16.85;0.8;T-6;GG-100;2;0.012797258
11;15.05;30.1;0.7;16.1;0.5;T-6;GG-100;2;0.011444331
11;15.05;30.1;1.3;15.05;0.4;T-6;GG-100;2;0.011730216
11;15.05;30.1;2;14.15;0.3;T-6;GG-100;2;0.014550483
11;15.05;30.1;3;13.05;0.3;T-6;GG-100;2;0.013273425
11;15.05;30.1;4;12.95;0.3;T-6;GG-100;2;0.012623803
11;15.05;30.1;5;12.4;0.3;T-6;GG-100;2;0.011835263
11;15.05;30.1;6;12.15;0.3;T-6;GG-100;2;0.010811497
11;15.05;30.1;7;11.3;0.3;T-6;GG-100;2;0.010073222
11;15.05;30.1;8;11.35;0.3;T-6;GG-100;2;0.009810507
11;15.05;30.1;9;11;0.2;T-6;GG-100;2;0.009247671
11;15.05;30.1;10;10.7;0.2;T-6;GG-100;2;0.008743445
11;15.05;30.1;11;10.4;0.2;T-6;GG-100;2;0.008213792
11;15.05;30.1;12;10.05;0.2;T-6;GG-100;2;0.007776424
11;15.05;30.1;13;9.85;0.2;T-6;GG-100;2;0.007206519
11;15.05;30.1;14;9.3;0.2;T-6;GG-100;2;0.006684229
11;15.05;30.1;15;9.15;0.2;T-6;GG-100;2;0.006363492
11;15.05;30.1;16;8.85;0.2;T-6;GG-100;2;0.005774506
11;15.05;30.1;17;8.29;0.2;T-6;GG-100;2;0.005180745
11;15.05;30.1;18;7.95;0.2;T-6;GG-100;2;0.004489532
11;15.05;30.1;19;7.15;0.2;T-6;GG-100;2;0.003692353
11;15.05;30.1;20;6.55;0.2;T-6;GG-100;2;0.003170063
11;15.05;30.1;21;6.15;0.2;T-6;GG-100;2;0.002626159
11;15.05;30.1;22;5.39;0.2;T-6;GG-100;2;0.002142354
11;15.05;30.1;23;5.05;0.2;T-6;GG-100;2;0.001810896
11;15.05;30.1;24;4.54;0.2;T-6;GG-100;2;0.001391494
11;15.05;30.1;25;3.85;0.2;T-6;GG-100;2;0.000879057
11;15.05;30.1;26;2.75;0.1;T-6;GG-100;2;0.000460404
11;15.05;30.1;27;2.04;0.2;T-6;GG-100;2;0.000276916
11;15.05;30.1;28;1.7;0.1;T-6;GG-100;2;0.000174849
11;15.05;30.1;29;1.25;0.1;T-6;GG-100;2;8.52452E-05
11;15.05;30.1;30;0.85;0.1;T-6;GG-100;2;0
12;15.55;31.2;0.1;18.4;0.9;T-6;GG-100;2;0.014198958
12;15.55;31.2;0.7;16.25;0.7;T-6;GG-100;2;0.011919163
12;15.55;31.2;1.3;15.55;0.6;T-6;GG-100;2;0.012873206
12;15.55;31.2;2;15.05;0.4;T-6;GG-100;2;0.017380567
12;15.55;31.2;3;14.7;0.3;T-6;GG-100;2;0.016293085
12;15.55;31.2;4;14.1;0.3;T-6;GG-100;2;0.015614501
12;15.55;31.2;5;14.1;0.3;T-6;GG-100;2;0.014964191
12;15.55;31.2;6;13.5;0.3;T-6;GG-100;2;0.013490784
12;15.55;31.2;7;12.7;0.3;T-6;GG-100;2;0.012667687
12;15.55;31.2;8;12.7;0.3;T-6;GG-100;2;0.011618002
12;15.55;31.2;9;11.6;0.3;T-6;GG-100;2;0.010343007
12;15.55;31.2;10;11.35;0.3;T-6;GG-100;2;0.009724506
12;15.55;31.2;11;10.9;0.3;T-6;GG-100;2;0.00916167
12;15.55;31.2;12;10.7;0.3;T-6;GG-100;2;0.008581653
12;15.55;31.2;13;10.2;0.2;T-6;GG-100;2;0.007934485
12;15.55;31.2;14;9.9;0.2;T-6;GG-100;2;0.007430357
12;15.55;31.2;15;9.55;0.3;T-6;GG-100;2;0.006905319
12;15.55;31.2;16;9.2;0.3;T-6;GG-100;2;0.006194533
12;15.55;31.2;17;8.55;0.3;T-6;GG-100;2;0.005352685
12;15.55;31.2;18;7.95;0.3;T-6;GG-100;2;0.004810269
12;15.55;31.2;19;7.7;0.3;T-6;GG-100;2;0.004449771
12;15.55;31.2;20;7.35;0.3;T-6;GG-100;2;0.003806236
12;15.55;31.2;21;6.55;0.3;T-6;GG-100;2;0.00307503
12;15.55;31.2;22;5.95;0.3;T-6;GG-100;2;0.002617363
12;15.55;31.2;23;5.59;0.2;T-6;GG-100;2;0.002076224
12;15.55;31.2;24;4.65;0.2;T-6;GG-100;2;0.001477432
12;15.55;31.2;25;4;0.2;T-6;GG-100;2;0.001003272
12;15.55;31.2;26;3.09;0.2;T-6;GG-100;2;0.000554793
12;15.55;31.2;27;2.14;0.1;T-6;GG-100;2;0.00033692
12;15.55;31.2;28;2;0.1;T-6;GG-100;2;0.000209014
12;15.55;31.2;29;1.15;0.1;T-6;GG-100;2;8.0307E-05
12;15.55;31.2;30;0.85;0.1;T-6;GG-100;2;3.45084E-05
12;15.55;31.2;31;0.45;0.1;T-6;GG-100;2;0
13;15.35;30.8;0.1;16.9;0.6;T-6;GG-100;2;0.012913124
13;15.35;30.8;0.7;16.2;0.5;T-6;GG-100;2;0.011735321
13;15.35;30.8;1.3;15.35;0.5;T-6;GG-100;2;0.012208829
13;15.35;30.8;2;14.44;0.5;T-6;GG-100;2;0.015940288
13;15.35;30.8;3;14.05;0.4;T-6;GG-100;2;0.014750759
13;15.35;30.8;4;13.35;0.3;T-6;GG-100;2;0.013945235
13;15.35;30.8;5;13.3;0.3;T-6;GG-100;2;0.013840777
13;15.35;30.8;6;13.25;0.3;T-6;GG-100;2;0.012932464
13;15.35;30.8;7;12.4;0.3;T-6;GG-100;2;0.012125075
13;15.35;30.8;8;12.45;0.3;T-6;GG-100;2;0.011789023
13;15.35;30.8;9;12.05;0.3;T-6;GG-100;2;0.011123791
13;15.35;30.8;10;11.75;0.3;T-6;GG-100;2;0.010216656
13;15.35;30.8;11;11.05;0.3;T-6;GG-100;2;0.009083326
13;15.35;30.8;12;10.45;0.3;T-6;GG-100;2;0.008374013
13;15.35;30.8;13;10.2;0.3;T-6;GG-100;2;0.008284207
13;15.35;30.8;14;10.34;0.3;T-6;GG-100;2;0.00778008
13;15.35;30.8;15;9.55;0.3;T-6;GG-100;2;0.006727132
13;15.35;30.8;16;8.95;0.3;T-6;GG-100;2;0.005850922
13;15.35;30.8;17;8.3;0.2;T-6;GG-100;2;0.00518726
13;15.35;30.8;18;7.95;0.3;T-6;GG-100;2;0.004690889
13;15.35;30.8;19;7.5;0.2;T-6;GG-100;2;0.004160745
13;15.35;30.8;20;7.05;0.2;T-6;GG-100;2;0.003575423
13;15.35;30.8;21;6.43;0.2;T-6;GG-100;2;0.002990596
13;15.35;30.8;22;5.9;0.2;T-6;GG-100;2;0.0025549
13;15.35;30.8;23;5.5;0.2;T-6;GG-100;2;0.002111641
13;15.35;30.8;24;4.85;0.2;T-6;GG-100;2;0.001583854
13;15.35;30.8;25;4.1;0.2;T-6;GG-100;2;0.001074916
13;15.35;30.8;26;3.25;0.2;T-6;GG-100;2;0.000711767
13;15.35;30.8;27;2.75;0.1;T-6;GG-100;2;0.000572752
13;15.35;30.8;28;2.65;0.1;T-6;GG-100;2;0.00036413
13;15.35;30.8;29;1.5;0.1;T-6;GG-100;2;0.000117608
13;15.35;30.8;30;0.95;0.1;T-6;GG-100;2;0
14;15.59;29.1;0.1;16.85;0.6;T-6;GG-100;2;0.012759382
14;15.59;29.1;0.7;16.05;0.5;T-6;GG-100;2;0.011796302
14;15.59;29.1;1.3;15.59;0.5;T-6;GG-100;2;0.012263106
14;15.59;29.1;2;14.25;0.4;T-6;GG-100;2;0.015726224
14;15.59;29.1;3;14.05;0.4;T-6;GG-100;2;0.014803283
14;15.59;29.1;4;13.4;0.4;T-6;GG-100;2;0.01353565
14;15.59;29.1;5;12.85;0.4;T-6;GG-100;2;0.012522486
14;15.59;29.1;6;12.4;0.3;T-6;GG-100;2;0.011367951
14;15.59;29.1;7;11.65;0.3;T-6;GG-100;2;0.010255827
14;15.59;29.1;8;11.2;0.3;T-6;GG-100;2;0.009288574
14;15.59;29.1;9;10.54;0.2;T-6;GG-100;2;0.00836848
14;15.59;29.1;10;10.1;0.2;T-6;GG-100;2;0.007662835
14;15.59;29.1;11;9.65;0.2;T-6;GG-100;2;0.007276027
14;15.59;29.1;12;9.6;0.2;T-6;GG-100;2;0.006979146
14;15.59;29.1;13;9.25;0.2;T-6;GG-100;2;0.006435749
14;15.59;29.1;14;8.85;0.2;T-6;GG-100;2;0.005748526
14;15.59;29.1;15;8.25;0.2;T-6;GG-100;2;0.005217596
14;15.59;29.1;16;8.05;0.2;T-6;GG-100;2;0.004753721
14;15.59;29.1;17;7.5;0.2;T-6;GG-100;2;0.003945546
14;15.59;29.1;18;6.65;0.2;T-6;GG-100;2;0.00337034
14;15.59;29.1;19;6.45;0.2;T-6;GG-100;2;0.002977641
14;15.59;29.1;20;5.85;0.2;T-6;GG-100;2;0.002510329
14;15.59;29.1;21;5.45;0.2;T-6;GG-100;2;0.002207951
14;15.59;29.1;22;5.15;0.2;T-6;GG-100;2;0.001868878
14;15.59;29.1;23;4.59;0.2;T-6;GG-100;2;0.00148747
14;15.59;29.1;24;4.1;0.2;T-6;GG-100;2;0.001062251
14;15.59;29.1;25;3.2;0.2;T-6;GG-100;2;0.000721094
14;15.59;29.1;26;2.85;0.1;T-6;GG-100;2;0.000474483
14;15.59;29.1;27;1.99;0.1;T-6;GG-100;2;0.000215894
14;15.59;29.1;28;1.24;0.1;T-6;GG-100;2;8.43162E-05
14;15.59;29.1;29;0.85;0.1;T-6;GG-100;2;0
15;16;30.5;0.1;18.6;0.7;T-6;GG-100;2;0.015162642
15;16;30.5;0.7;17.25;0.7;T-6;GG-100;2;0.013043009
15;16;30.5;1.3;16;0.5;T-6;GG-100;2;0.013726875
15;16;30.5;2;15.6;0.4;T-6;GG-100;2;0.018451457
15;16;30.5;3;15.05;0.4;T-6;GG-100;2;0.016868978
15;16;30.5;4;14.25;0.4;T-6;GG-100;2;0.015726224
15;16;30.5;5;14.05;0.4;T-6;GG-100;2;0.014491087
15;16;30.5;6;13.1;0.3;T-6;GG-100;2;0.012924218
15;16;30.5;7;12.55;0.3;T-6;GG-100;2;0.01179295
15;16;30.5;8;11.95;0.3;T-6;GG-100;2;0.011029543
15;16;30.5;9;11.75;0.3;T-6;GG-100;2;0.010303835
15;16;30.5;10;11.15;0.3;T-6;GG-100;2;0.0092945
15;16;30.5;11;10.6;0.3;T-6;GG-100;2;0.007919268
15;16;30.5;12;9.45;0.3;T-6;GG-100;2;0.007043553
15;16;30.5;13;9.49;0.3;T-6;GG-100;2;0.006373903
15;16;30.5;14;8.5;0.3;T-6;GG-100;2;0.005319207
15;16;30.5;15;7.95;0.3;T-6;GG-100;2;0.004690889
15;16;30.5;16;7.5;0.3;T-6;GG-100;2;0.00438851
15;16;30.5;17;7.45;0.3;T-6;GG-100;2;0.004187154
15;16;30.5;18;7.15;0.3;T-6;GG-100;2;0.003796811
15;16;30.5;19;6.75;0.3;T-6;GG-100;2;0.003202952
15;16;30.5;20;6;0.2;T-6;GG-100;2;0.002597316
15;16;30.5;21;5.49;0.2;T-6;GG-100;2;0.001978815
15;16;30.5;22;4.5;0.2;T-6;GG-100;2;0.001471542
15;16;30.5;23;4.15;0.2;T-6;GG-100;2;0.00118244
15;16;30.5;24;3.59;0.1;T-6;GG-100;2;0.000871423
15;16;30.5;25;3.05;0.1;T-6;GG-100;2;0.000546833
15;16;30.5;26;2.15;0.1;T-6;GG-100;2;0.000315926
15;16;30.5;27;1.85;0.1;T-6;GG-100;2;0.000177696
15;16;30.5;28;1.05;0.1;T-6;GG-100;2;7.87362E-05
15;16;30.5;29;0.95;0.1;T-6;GG-100;2;6.06229E-05
15;16;30.5;30;0.85;0.1;T-6;GG-100;2;0
16;16;30.6;0.1;18.15;0.6;T-6;GG-100;2;0.014691933
16;16;30.6;0.7;17.15;0.5;T-6;GG-100;2;0.012961956
16;16;30.6;1.3;16;0.4;T-6;GG-100;2;0.013726875
16;16;30.6;2;15.6;0.4;T-6;GG-100;2;0.018869976
16;16;30.6;3;15.4;0.3;T-6;GG-100;2;0.017684025
16;16;30.6;4;14.6;0.3;T-6;GG-100;2;0.016012796
16;16;30.6;5;13.95;0.3;T-6;GG-100;2;0.014432673
16;16;30.6;6;13.15;0.3;T-6;GG-100;2;0.012975759
16;16;30.6;7;12.55;0.3;T-6;GG-100;2;0.012272043
16;16;30.6;8;12.45;0.3;T-6;GG-100;2;0.011601313
16;16;30.6;9;11.85;0.3;T-6;GG-100;2;0.010617896
16;16;30.6;10;11.4;0.3;T-6;GG-100;2;0.009898471
16;16;30.6;11;11.05;0.3;T-6;GG-100;2;0.009417906
16;16;30.6;12;10.85;0.3;T-6;GG-100;2;0.008748746
16;16;30.6;13;10.25;0.3;T-6;GG-100;2;0.007897277
16;16;30.6;14;9.8;0.3;T-6;GG-100;2;0.007095287
16;16;30.6;15;9.2;0.3;T-6;GG-100;2;0.006399522
16;16;30.6;16;8.85;0.3;T-6;GG-100;2;0.005946446
16;16;30.6;17;8.55;0.3;T-6;GG-100;2;0.005511237
16;16;30.6;18;8.2;0.3;T-6;GG-100;2;0.005122465
16;16;30.6;19;7.95;0.3;T-6;GG-100;2;0.004546081
16;16;30.6;20;7.25;0.3;T-6;GG-100;2;0.003960959
16;16;30.6;21;6.95;0.3;T-6;GG-100;2;0.003530561
16;16;30.6;22;6.45;0.3;T-6;GG-100;2;0.002736818
16;16;30.6;23;5.3;0.3;T-6;GG-100;2;0.002065303
16;16;30.6;24;4.95;0.3;T-6;GG-100;2;0.001757427
16;16;30.6;25;4.5;0.3;T-6;GG-100;2;0.001392511
16;16;30.6;26;3.9;0.3;T-6;GG-100;2;0.001012084
16;16;30.6;27;3.25;0.2;T-6;GG-100;2;0.000711767
16;16;30.6;28;2.75;0.2;T-6;GG-100;2;0.000446303
16;16;30.6;29;1.95;0.2;T-6;GG-100;2;0.000214978
16;16;30.6;30;1.4;0.1;T-6;GG-100;2;0
17;16;30.4;0.1;18.1;0.8;T-6;GG-100;2;0.01473028
17;16;30.4;0.7;17.25;0.7;T-6;GG-100;2;0.013043009
17;16;30.4;1.3;16;0.5;T-6;GG-100;2;0.013812915
17;16;30.4;2;15.7;0.4;T-6;GG-100;2;0.018456562
17;16;30.4;3;14.95;0.4;T-6;GG-100;2;0.015775704
17;16;30.4;4;13.35;0.4;T-6;GG-100;2;0.013789432
17;16;30.4;5;13.15;0.4;T-6;GG-100;2;0.013274996
17;16;30.4;6;12.85;0.4;T-6;GG-100;2;0.012377286
17;16;30.4;7;12.25;0.4;T-6;GG-100;2;0.011500782
17;16;30.4;8;11.95;0.4;T-6;GG-100;2;0.010983499
17;16;30.4;9;11.7;0.3;T-6;GG-100;2;0.010434505
17;16;30.4;10;11.35;0.3;T-6;GG-100;2;0.009471215
17;16;30.4;11;10.6;0.3;T-6;GG-100;2;0.008498008
17;16;30.4;12;10.2;0.3;T-6;GG-100;2;0.00797346
17;16;30.4;13;9.95;0.3;T-6;GG-100;2;0.007461836
17;16;30.4;14;9.54;0.3;T-6;GG-100;2;0.00675488
17;16;30.4;15;9;0.3;T-6;GG-100;2;0.006119135
17;16;30.4;16;8.65;0.3;T-6;GG-100;2;0.005578781
17;16;30.4;17;8.2;0.3;T-6;GG-100;2;0.00502969
17;16;30.4;18;7.8;0.3;T-6;GG-100;2;0.004368777
17;16;30.4;19;7.1;0.3;T-6;GG-100;2;0.003508672
17;16;30.4;20;6.24;0.3;T-6;GG-100;2;0.002756186
17;16;30.4;21;5.59;0.3;T-6;GG-100;2;0.002268646
17;16;30.4;22;5.15;0.3;T-6;GG-100;2;0.001777804
17;16;30.4;23;4.33;0.2;T-6;GG-100;2;0.001214579
17;16;30.4;24;3.49;0.2;T-6;GG-100;2;0.000719837
17;16;30.4;25;2.48;0.2;T-6;GG-100;2;0.00038329
17;16;30.4;26;1.9;0.2;T-6;GG-100;2;0.000242295
17;16;30.4;27;1.6;0.2;T-6;GG-100;2;0.000152465
17;16;30.4;28;1.15;0.1;T-6;GG-100;2;8.73755E-05
17;16;30.4;29;0.95;0.1;T-6;GG-100;2;5.46539E-05
17;16;30.4;30;0.75;0.1;T-6;GG-100;2;0
18;16;30.1;0.1;18.15;0.8;T-6;GG-100;2;0.014404044
18;16;30.1;0.7;16.79;0.5;T-6;GG-100;2;0.012674067
18;16;30.1;1.3;16;0.5;T-6;GG-100;2;0.013726875
18;16;30.1;2;15.6;0.4;T-6;GG-100;2;0.018275037
18;16;30.1;3;14.9;0.4;T-6;GG-100;2;0.01647029
18;16;30.1;4;14.05;0.4;T-6;GG-100;2;0.01501534
18;16;30.1;5;13.6;0.4;T-6;GG-100;2;0.013849024
18;16;30.1;6;12.95;0.3;T-6;GG-100;2;0.012478602
18;16;30.1;7;12.25;0.3;T-6;GG-100;2;0.011595029
18;16;30.1;8;12.05;0.3;T-6;GG-100;2;0.010672187
18;16;30.1;9;11.25;0.3;T-6;GG-100;2;0.010254257
18;16;30.1;10;11.6;0.3;T-7;GG-100;2;0.009992719
18;16;30.1;11;10.95;0.3;T-7;GG-100;2;0.009246689
18;16;30.1;12;10.75;0.3;T-7;GG-100;2;0.008663923
18;16;30.1;13;10.25;0.3;T-7;GG-100;2;0.0078207
18;16;30.1;14;9.7;0.3;T-7;GG-100;2;0.006770623
18;16;30.1;15;8.85;0.3;T-7;GG-100;2;0.00601399
18;16;30.1;16;8.65;0.3;T-7;GG-100;2;0.005420229
18;16;30.1;17;7.95;0.3;T-7;GG-100;2;0.004632377
18;16;30.1;18;7.4;0.3;T-7;GG-100;2;0.004214545
18;16;30.1;19;7.25;0.2;T-7;GG-100;2;0.003906767
18;16;30.1;20;6.85;0.2;T-7;GG-100;2;0.003327928
18;16;30.1;21;6.15;0.2;T-7;GG-100;2;0.002852272
18;16;30.1;22;5.9;0.3;T-7;GG-100;2;0.002176401
18;16;30.1;23;4.54;0.3;T-7;GG-100;2;0.001422124
18;16;30.1;24;3.95;0.3;T-7;GG-100;2;0.001002364
18;16;30.1;25;3.15;0.3;T-7;GG-100;2;0.000686634
18;16;30.1;26;2.75;0.3;T-7;GG-100;2;0.00046201
18;16;30.1;27;2.05;0.3;T-7;GG-100;2;0.000278522
18;16;30.1;28;1.7;0.1;T-7;GG-100;2;0.000156785
18;16;30.1;29;1.05;0.1;T-7;GG-100;2;6.80842E-05
18;16;30.1;30;0.85;0.1;T-7;GG-100;2;0
19;16;29.3;0.1;18.25;0.7;T-7;GG-100;2;0.014777698
19;16;29.3;0.7;17.15;0.7;T-7;GG-100;2;0.012961956
19;16;29.3;1.3;16;0.5;T-7;GG-100;2;0.013726875
19;16;29.3;2;15.6;0.5;T-7;GG-100;2;0.018510657
19;16;29.3;3;15.1;0.4;T-7;GG-100;2;0.017497591
19;16;29.3;4;14.75;0.4;T-7;GG-100;2;0.015753713
19;16;29.3;5;13.55;0.4;T-7;GG-100;2;0.014104377
19;16;29.3;6;13.25;0.4;T-7;GG-100;2;0.013378669
19;16;29.3;7;12.85;0.3;T-7;GG-100;2;0.012571279
19;16;29.3;8;12.45;0.3;T-7;GG-100;2;0.011694775
19;16;29.3;9;11.95;0.3;T-7;GG-100;2;0.010801286
19;16;29.3;10;11.5;0.4;T-7;GG-100;2;0.009945104
19;16;29.3;11;11;0.3;T-7;GG-100;2;0.008917803
19;16;29.3;12;10.3;0.3;T-7;GG-100;2;0.008014988
19;16;29.3;13;9.9;0.3;T-7;GG-100;2;0.007658908
19;16;29.3;14;9.85;0.3;T-7;GG-100;2;0.007354174
19;16;29.3;15;9.5;0.3;T-7;GG-100;2;0.006414838
19;16;29.3;16;8.55;0.3;T-7;GG-100;2;0.00525991
19;16;29.3;17;7.8;0.3;T-7;GG-100;2;0.004562912
19;16;29.3;18;7.44;0.3;T-7;GG-100;2;0.003910344
19;16;29.3;19;6.65;0.2;T-7;GG-100;2;0.003197847
19;16;29.3;20;6.1;0.2;T-7;GG-100;2;0.002404104
19;16;29.3;21;4.9;0.2;T-7;GG-100;2;0.001619196
19;16;29.3;22;4.15;0.2;T-7;GG-100;2;0.001352652
19;16;29.3;23;4.15;0.2;T-7;GG-100;2;0.001018072
19;16;29.3;24;2.95;0.2;T-7;GG-100;2;0.000523272
19;16;29.3;25;2.15;0.2;T-7;GG-100;2;0.000252038
19;16;29.3;26;1.34;0.1;T-7;GG-100;2;0.000113808
19;16;29.3;27;1.05;0.1;T-7;GG-100;2;7.16676E-05
19;16;29.3;28;0.85;0.1;T-7;GG-100;2;3.82391E-05
19;16;29.3;29;0.55;0.1;T-7;GG-100;2;0
20;16;29.8;0.1;18.35;0.9;T-7;GG-100;2;0.014743239
20;16;29.8;0.7;17;0.5;T-7;GG-100;2;0.01284126
20;16;29.8;1.3;16;0.4;T-7;GG-100;2;0.013472053
20;16;29.8;2;15.3;0.4;T-7;GG-100;2;0.017969615
20;16;29.8;3;14.95;0.4;T-7;GG-100;2;0.016451849
20;16;29.8;4;13.98;0.4;T-7;GG-100;2;0.015482177
20;16;29.8;5;14.1;0.3;T-7;GG-100;2;0.014443865
20;16;29.8;6;13;0.3;T-7;GG-100;2;0.012920683
20;16;29.8;7;12.65;0.3;T-7;GG-100;2;0.012177009
20;16;29.8;8;12.25;0.3;T-7;GG-100;2;0.011453952
20;16;29.8;9;11.9;0.3;T-7;GG-100;2;0.010709395
20;16;29.8;10;11.45;0.3;T-7;GG-100;2;0.009728825
20;16;29.8;11;10.8;0.3;T-7;GG-100;2;0.008507433
20;16;29.8;12;10;0.3;T-7;GG-100;2;0.007698473
20;16;29.8;13;9.8;0.3;T-7;GG-100;2;0.007241371
20;16;29.8;14;9.4;0.3;T-7;GG-100;2;0.006757664
20;16;29.8;15;9.15;0.3;T-7;GG-100;2;0.00657555
20;16;29.8;16;9.15;0.3;T-7;GG-100;2;0.006091745
20;16;29.8;17;8.45;0.3;T-7;GG-100;2;0.005412375
20;16;29.8;18;8.15;0.3;T-7;GG-100;2;0.004997587
20;16;29.8;19;7.8;0.3;T-7;GG-100;2;0.004396757
20;16;29.8;20;7.15;0.2;T-7;GG-100;2;0.003850218
20;16;29.8;21;6.85;0.2;T-7;GG-100;2;0.003476369
20;16;29.8;22;6.45;0.2;T-7;GG-100;2;0.002736818
20;16;29.8;23;5.3;0.2;T-7;GG-100;2;0.002202025
20;16;29.8;24;5.29;0.2;T-7;GG-100;2;0.00198496
20;16;29.8;25;4.75;0.2;T-7;GG-100;2;0.001498736
20;16;29.8;26;3.95;0.2;T-7;GG-100;2;0.001002364
20;16;29.8;27;3.15;0.2;T-7;GG-100;2;0.000686634
20;16;29.8;28;2.75;0.1;T-7;GG-100;2;0.000416806
20;16;29.8;29;1.9;0.1;T-7;GG-100;2;0
21;16;30.2;0.1;19.15;0.6;T-7;GG-100;2;0.016148061
21;16;30.2;0.7;17.85;0.5;T-7;GG-100;2;0.013539224
21;16;30.2;1.3;16;0.4;T-7;GG-100;2;0.013684061
21;16;30.2;2;15.55;0.4;T-7;GG-100;2;0.018331291
21;16;30.2;3;15;0.4;T-7;GG-100;2;0.016587707
21;16;30.2;4;14.05;0.3;T-7;GG-100;2;0.014908919
21;16;30.2;5;13.5;0.3;T-7;GG-100;2;0.013691846
21;16;30.2;6;12.9;0.3;T-7;GG-100;2;0.012379839
21;16;30.2;7;12.2;0.3;T-7;GG-100;2;0.01102935
21;16;30.2;8;11.49;0.3;T-7;GG-100;2;0.010154515
21;16;30.2;9;11.25;0.3;T-7;GG-100;2;0.009415828
21;16;30.2;10;10.64;0.3;T-7;GG-100;2;0.009068682
21;16;30.2;11;10.85;0.2;T-7;GG-100;2;0.008510771
21;16;30.2;12;9.95;0.2;T-7;GG-100;2;0.007350329
21;16;30.2;13;9.39;0.2;T-7;GG-100;2;0.006636308
21;16;30.2;14;8.99;0.2;T-7;GG-100;2;0.005750297
21;16;30.2;15;8.1;0.2;T-7;GG-100;2;0.005058455
21;16;30.2;16;7.95;0.2;T-7;GG-100;2;0.004690889
21;16;30.2;17;7.5;0.2;T-7;GG-100;2;0.004216508
21;16;30.2;18;7.15;0.2;T-7;GG-100;2;0.00406601
21;16;30.2;19;7.24;0.2;T-7;GG-100;2;0.003661907
21;16;30.2;20;6.39;0.2;T-7;GG-100;2;0.002852633
21;16;30.2;21;5.64;0.2;T-7;GG-100;2;0.002211371
21;16;30.2;22;4.95;0.2;T-7;GG-100;2;0.001705296
21;16;30.2;23;4.35;0.2;T-7;GG-100;2;0.001355794
21;16;30.2;24;3.95;0.2;T-7;GG-100;2;0.000990093
21;16;30.2;25;3.1;0.2;T-7;GG-100;2;0.000550564
21;16;30.2;26;2.1;0.1;T-7;GG-100;2;0.000314945
21;16;30.2;27;1.9;0.1;T-7;GG-100;2;0.000262028
21;16;30.2;28;1.75;0.1;T-7;GG-100;2;0.000167781
21;16;30.2;29;1.1;0.1;T-7;GG-100;2;6.61256E-05
21;16;30.2;30;0.75;0.1;T-7;GG-100;2;0
22;16.45;29.9;0.1;18.4;0.6;T-7;GG-100;2;0.015028987
22;16.45;29.9;0.7;17.3;0.6;T-7;GG-100;2;0.013427776
22;16.45;29.9;1.3;16.45;0.6;T-7;GG-100;2;0.014000252
22;16.45;29.9;2;15.45;0.5;T-7;GG-100;2;0.018033724
22;16.45;29.9;3;14.85;0.4;T-7;GG-100;2;0.016634144
22;16.45;29.9;4;14.25;0.4;T-7;GG-100;2;0.01507827
22;16.45;29.9;5;13.45;0.3;T-7;GG-100;2;0.014314078
22;16.45;29.9;6;13.55;0.3;T-7;GG-100;2;0.013694399
22;16.45;29.9;7;12.85;0.3;T-7;GG-100;2;0.012186434
22;16.45;29.9;8;12.05;0.4;T-7;GG-100;2;0.011077747
22;16.45;29.9;9;11.7;0.3;T-7;GG-100;2;0.010390032
22;16.45;29.9;10;11.3;0.3;T-7;GG-100;2;0.009722935
22;16.45;29.9;11;10.95;0.3;T-7;GG-100;2;0.009079399
22;16.45;29.9;12;10.55;0.3;T-7;GG-100;2;0.008258658
22;16.45;29.9;13;9.95;0.2;T-7;GG-100;2;0.007247851
22;16.45;29.9;14;9.25;0.2;T-7;GG-100;2;0.006470601
22;16.45;29.9;15;8.9;0.2;T-7;GG-100;2;0.006048842
22;16.45;29.9;16;8.65;0.2;T-7;GG-100;2;0.005611081
22;16.45;29.9;17;8.25;0.2;T-7;GG-100;2;0.005001121
22;16.45;29.9;18;7.7;0.2;T-7;GG-100;2;0.004449771
22;16.45;29.9;19;7.35;0.2;T-7;GG-100;2;0.003964101
22;16.45;29.9;20;6.85;0.2;T-7;GG-100;2;0.003303876
22;16.45;29.9;21;6.1;0.2;T-7;GG-100;2;0.002627648
22;16.45;29.9;22;5.45;0.2;T-7;GG-100;2;0.002167895
22;16.45;29.9;23;5.05;0.2;T-7;GG-100;2;0.001710794
22;16.45;29.9;24;4.25;0.2;T-7;GG-100;2;0.00127637
22;16.45;29.9;25;3.8;0.2;T-7;GG-100;2;0.000908804
22;16.45;29.9;26;2.95;0.2;T-7;GG-100;2;0.000583272
22;16.45;29.9;27;2.48;0.2;T-7;GG-100;2;0.000390849
22;16.45;29.9;28;1.95;0.1;T-7;GG-100;2;0.000220294
22;16.45;29.9;29;1.45;0.1;T-7;GG-100;2;0
23;16.15;30.3;0.1;18.05;0.6;T-7;GG-100;2;0.014606639
23;16.15;30.3;0.7;17.15;0.6;T-7;GG-100;2;0.013075584
23;16.15;30.3;1.3;16.15;0.5;T-7;GG-100;2;0.0142069
23;16.15;30.3;2;16;0.5;T-7;GG-100;2;0.018830019
23;16.15;30.3;3;14.95;0.4;T-7;GG-100;2;0.017033421
23;16.15;30.3;4;14.5;0.4;T-7;GG-100;2;0.016119217
23;16.15;30.3;5;14.15;0.4;T-7;GG-100;2;0.015395571
23;16.15;30.3;6;13.85;0.4;T-7;GG-100;2;0.014531633
23;16.15;30.3;7;13.35;0.3;T-7;GG-100;2;0.013533687
23;16.15;30.3;8;12.9;0.3;T-7;GG-100;2;0.012332027
23;16.15;30.3;9;12.15;0.3;T-7;GG-100;2;0.011358134
23;16.15;30.3;10;11.9;0.3;T-7;GG-100;2;0.010799716
23;16.15;30.3;11;11.55;0.3;T-7;GG-100;2;0.010033658
23;16.15;30.3;12;11.05;0.3;T-7;GG-100;2;0.009249045
23;16.15;30.3;13;10.65;0.3;T-7;GG-100;2;0.008499775
23;16.15;30.3;14;10.15;0.3;T-7;GG-100;2;0.007855749
23;16.15;30.3;15;9.85;0.3;T-7;GG-100;2;0.007391578
23;16.15;30.3;16;9.55;0.3;T-7;GG-100;2;0.006657231
23;16.15;30.3;17;8.85;0.3;T-7;GG-100;2;0.005620506
23;16.15;30.3;18;8.05;0.3;T-7;GG-100;2;0.004813018
23;16.15;30.3;19;7.6;0.3;T-7;GG-100;2;0.004275806
23;16.15;30.3;20;7.15;0.3;T-7;GG-100;2;0.003744189
23;16.15;30.3;21;6.65;0.3;T-7;GG-100;2;0.003315091
23;16.15;30.3;22;6.34;0.3;T-7;GG-100;2;0.002620014
23;16.15;30.3;23;5.15;0.3;T-7;GG-100;2;0.002043017
23;16.15;30.3;24;5.05;0.3;T-7;GG-100;2;0.001455441
23;16.15;30.3;25;3.4;0.3;T-7;GG-100;2;0.000670828
23;16.15;30.3;26;2.35;0.1;T-7;GG-100;2;0.000398393
23;16.15;30.3;27;2.15;0.1;T-7;GG-100;2;0.000315926
23;16.15;30.3;28;1.85;0.1;T-7;GG-100;2;0.000181918
23;16.15;30.3;29;1.1;0.1;T-7;GG-100;2;7.20946E-05
23;16.15;30.3;30;0.85;0.1;T-7;GG-100;2;0
24;16.75;28.8;0.1;18.6;0.7;T-7;GG-100;2;0.015001007
24;16.75;28.8;0.7;17.05;0.5;T-7;GG-100;2;0.013460114
24;16.75;28.8;1.3;16.75;0.5;T-7;GG-100;2;0.01410526
24;16.75;28.8;2;15.25;0.4;T-7;GG-100;2;0.017676367
24;16.75;28.8;3;14.75;0.4;T-7;GG-100;2;0.016971865
24;16.75;28.8;4;14.65;0.3;T-7;GG-100;2;0.016514764
24;16.75;28.8;5;14.35;0.3;T-7;GG-100;2;0.015243498
24;16.75;28.8;6;13.5;0.3;T-7;GG-100;2;0.014051264
24;16.75;28.8;7;13.25;0.3;T-7;GG-100;2;0.013479985
24;16.75;28.8;8;12.95;0.3;T-7;GG-100;2;0.011779107
24;16.75;28.8;9;11.5;0.3;T-7;GG-100;2;0.010942953
24;16.75;28.8;10;12.1;0.3;T-7;GG-100;2;0.010988211
24;16.75;28.8;11;11.55;0.3;T-7;GG-100;2;0.010120837
24;16.75;28.8;12;11.15;0.3;T-7;GG-100;2;0.009378145
24;16.75;28.8;13;10.7;0.3;T-7;GG-100;2;0.008662156
24;16.75;28.8;14;10.3;0.3;T-7;GG-100;2;0.008093135
24;16.75;28.8;15;10;0.3;T-7;GG-100;2;0.007250796
24;16.75;28.8;16;9.2;0.3;T-7;GG-100;2;0.006469423
24;16.75;28.8;17;8.95;0.2;T-7;GG-100;2;0.005916503
24;16.75;28.8;18;8.4;0.3;T-7;GG-100;2;0.005443693
24;16.75;28.8;19;8.25;0.3;T-7;GG-100;2;0.005001121
24;16.75;28.8;20;7.7;0.2;T-7;GG-100;2;0.004330277
24;16.75;28.8;21;7.14;0.2;T-7;GG-100;2;0.003661118
24;16.75;28.8;22;6.5;0.2;T-7;GG-100;2;0.00314444
24;16.75;28.8;23;6.15;0.2;T-7;GG-100;2;0.002563544
24;16.75;28.8;24;5.24;0.2;T-7;GG-100;2;0.00181793
24;16.75;28.8;25;4.34;0.2;T-7;GG-100;2;0.001229011
24;16.75;28.8;26;3.53;0.1;T-7;GG-100;2;0.000662519
24;16.75;28.8;27;2.1;0.1;T-7;GG-100;2;0.000213859
24;16.75;28.8;28;1.15;0.1;T-7;GG-100;2;0
25;16.25;29.85;0.1;18.1;0.7;T-7;GG-100;2;0.014976267
25;16.25;29.85;0.7;17.55;0.7;T-7;GG-100;2;0.013478964
25;16.25;29.85;1.3;16.25;0.5;T-7;GG-100;2;0.013609841
25;16.25;29.85;2;15.2;0.4;T-7;GG-100;2;0.017732818
25;16.25;29.85;3;14.85;0.4;T-7;GG-100;2;0.016467149
25;16.25;29.85;4;14.1;0.3;T-7;GG-100;2;0.015017304
25;16.25;29.85;5;13.55;0.3;T-7;GG-100;2;0.014261358
25;16.25;29.85;6;13.4;0.3;T-7;GG-100;2;0.013435119
25;16.25;29.85;7;12.75;0.3;T-7;GG-100;2;0.012085903
25;16.25;29.85;8;12.05;0.3;T-7;GG-100;2;0.020994086
25;16.25;29.85;10;11.05;0.3;T-7;GG-100;2;0.009417906
25;16.25;29.85;11;10.85;0.3;T-7;GG-100;2;0.008911324
25;16.25;29.85;12;10.45;0.3;T-7;GG-100;2;0.008021468
25;16.25;29.85;13;9.75;0.2;T-7;GG-100;2;0.007239997
25;16.25;29.85;14;9.45;0.2;T-7;GG-100;2;0.007163813
25;16.25;29.85;15;9.65;0.2;T-7;GG-100;2;0.00680253
25;16.25;29.85;16;8.95;0.2;T-7;GG-100;2;0.005754023
25;16.25;29.85;17;8.15;0.2;T-7;GG-100;2;0.004817338
25;16.25;29.85;18;7.5;0.2;T-7;GG-100;2;0.004133158
25;16.25;29.85;19;7;0.2;T-7;GG-100;2;0.003453301
25;16.25;29.85;20;6.24;0.2;T-7;GG-100;2;0.002653079
25;16.25;29.85;21;5.35;0.2;T-7;GG-100;2;0.002165539
25;16.25;29.85;22;5.15;0.2;T-7;GG-100;2;0.001850952
25;16.25;29.85;23;4.54;0.2;T-7;GG-100;2;0.001422124
25;16.25;29.85;24;3.95;0.2;T-7;GG-100;2;0.001104824
25;16.25;29.85;25;3.54;0.2;T-7;GG-100;2;0.00088177
25;16.25;29.85;26;3.15;0.2;T-7;GG-100;2;0.00058846
25;16.25;29.85;27;2.25;0.1;T-7;GG-100;2;0.000340568
25;16.25;29.85;28;1.9;0.1;T-7;GG-100;2;0.000223152
25;16.25;29.85;29;1.54;0.1;T-7;GG-100;2;0
26;16.95;29.9;0.1;19.15;1;T-7;GG-100;2;0.015807146
26;16.95;29.9;0.7;17.44;0.9;T-7;GG-100;2;0.013935856
26;16.95;29.9;1.3;16.95;0.5;T-7;GG-100;2;0.015067373
26;16.95;29.9;2;16.15;0.4;T-7;GG-100;2;0.019738038
26;16.95;29.9;3;15.55;0.4;T-7;GG-100;2;0.018331291
26;16.95;29.9;4;15;0.4;T-7;GG-100;2;0.016698449
26;16.95;29.9;5;14.15;0.4;T-7;GG-100;2;0.015504741
26;16.95;29.9;6;13.95;0.4;T-7;GG-100;2;0.014798963
26;16.95;29.9;7;13.5;0.4;T-7;GG-100;2;0.013590923
26;16.95;29.9;8;12.8;0.4;T-7;GG-100;2;0.01261909
26;16.95;29.9;9;12.55;0.4;T-7;GG-100;2;0.011653051
26;16.95;29.9;10;11.8;0.3;T-7;GG-100;2;0.010262896
26;16.95;29.9;11;11.05;0.3;T-7;GG-100;2;0.009417906
26;16.95;29.9;12;10.85;0.3;T-7;GG-100;2;0.008748746
26;16.95;29.9;13;10.25;0.3;T-7;GG-100;2;0.007662447
26;16.95;29.9;14;9.49;0.3;T-7;GG-100;2;0.006969725
26;16.95;29.9;15;9.35;0.3;T-7;GG-100;2;0.006939975
26;16.95;29.9;16;9.45;0.3;T-7;GG-100;2;0.006411303
26;16.95;29.9;17;8.6;0.3;T-7;GG-100;2;0.005293584
26;16.95;29.9;18;7.8;0.3;T-7;GG-100;2;0.004396757
26;16.95;29.9;19;7.15;0.3;T-7;GG-100;2;0.003566199
26;16.95;29.9;20;6.3;0.3;T-7;GG-100;2;0.003192349
26;16.95;29.9;21;6.45;0.3;T-7;GG-100;2;0.002695585
26;16.95;29.9;22;5.2;0.3;T-7;GG-100;2;0.002103394
26;16.95;29.9;23;5.15;0.2;T-7;GG-100;2;0.001850952
26;16.95;29.9;24;4.54;0.2;T-7;GG-100;2;0.00145354
26;16.95;29.9;25;4.05;0.2;T-7;GG-100;2;0.001108829
26;16.95;29.9;26;3.44;0.2;T-7;GG-100;2;0.00062813
26;16.95;29.9;27;2.04;0.2;T-7;GG-100;2;0.000244856
26;16.95;29.9;28;1.44;0.1;T-7;GG-100;2;0.000111028
26;16.95;29.9;29;0.95;0.1;T-7;GG-100;2;0
27;16.2;29.6;0.1;18.05;0.6;T-7;GG-100;2;0.014366307
27;16.2;29.6;0.7;16.85;0.6;T-7;GG-100;2;0.012873363
27;16.2;29.6;1.3;16.2;0.5;T-7;GG-100;2;0.013725008
27;16.2;29.6;2;15.39;0.5;T-7;GG-100;2;0.017614698
27;16.2;29.6;3;14.55;0.4;T-7;GG-100;2;0.015900877
27;16.2;29.6;4;13.9;0.4;T-7;GG-100;2;0.013615745
27;16.2;29.6;5;12.39;0.3;T-7;GG-100;2;0.01211534
27;16.2;29.6;6;12.45;0.3;T-7;GG-100;2;0.011741801
27;16.2;29.6;7;12;0.3;T-7;GG-100;2;0.011076568
27;16.2;29.6;8;11.75;0.3;T-7;GG-100;2;0.010751512
27;16.2;29.6;9;11.65;0.3;T-7;GG-100;2;0.010081469
27;16.2;29.6;10;11;0.3;T-7;GG-100;2;0.009081166
27;16.2;29.6;11;10.5;0.3;T-7;GG-100;2;0.008295866
27;16.2;29.6;12;10.05;0.3;T-7;GG-100;2;0.007776424
27;16.2;29.6;13;9.85;0.3;T-7;GG-100;2;0.007316966
27;16.2;29.6;14;9.45;0.3;T-7;GG-100;2;0.006794676
27;16.2;29.6;15;9.15;0.3;T-7;GG-100;2;0.006328837
27;16.2;29.6;16;8.8;0.3;T-7;GG-100;2;0.00568157
27;16.2;29.6;17;8.2;0.3;T-7;GG-100;2;0.00502969
27;16.2;29.6;18;7.8;0.3;T-7;GG-100;2;0.004396757
27;16.2;29.6;19;7.15;0.3;T-7;GG-100;2;0.003959388
27;16.2;29.6;20;7.05;0.3;T-7;GG-100;2;0.003560308
27;16.2;29.6;21;6.4;0.3;T-7;GG-100;2;0.002629906
27;16.2;29.6;22;5.1;0.3;T-7;GG-100;2;0.001870524
27;16.2;29.6;23;4.65;0.2;T-7;GG-100;2;0.001263902
27;16.2;29.6;24;3.25;0.2;T-7;GG-100;2;0.000631656
27;16.2;29.6;25;2.35;0.2;T-7;GG-100;2;0.000413909
27;16.2;29.6;26;2.24;0.2;T-7;GG-100;2;0.000310531
27;16.2;29.6;27;1.7;0.1;T-7;GG-100;2;0.000165424
27;16.2;29.6;28;1.15;0.1;T-7;GG-100;2;6.06229E-05
27;16.2;29.6;29;0.55;0.1;T-7;GG-100;2;0
28;17.05;30.5;0.1;19.4;0.7;T-7;GG-100;2;0.016975498
28;17.05;30.5;0.7;18.55;0.5;T-7;GG-100;2;0.01495724
28;17.05;30.5;1.3;17.05;0.4;T-7;GG-100;2;0.015602503
28;17.05;30.5;2;16.64;0.4;T-7;GG-100;2;0.020863792
28;17.05;30.5;3;15.95;0.4;T-7;GG-100;2;0.019123071
28;17.05;30.5;4;15.25;0.4;T-7;GG-100;2;0.017618542
28;17.05;30.5;5;14.7;0.4;T-7;GG-100;2;0.016073173
28;17.05;30.5;6;13.9;0.3;T-7;GG-100;2;0.015011806
28;17.05;30.5;7;13.75;0.3;T-7;GG-100;2;0.014215118
28;17.05;30.5;8;13.15;0.3;T-7;GG-100;2;0.013427265
28;17.05;30.5;9;13;0.3;T-7;GG-100;2;0.012529555
28;17.05;30.5;10;12.25;0.3;T-7;GG-100;2;0.011314642
28;17.05;30.5;11;11.75;0.3;T-7;GG-100;2;0.010303835
28;17.05;30.5;12;11.15;0.3;T-7;GG-100;2;0.009633792
28;17.05;30.5;13;11;0.3;T-7;GG-100;2;0.009289788
28;17.05;30.5;14;10.75;0.3;T-7;GG-100;2;0.008583813
28;17.05;30.5;15;10.15;0.3;T-7;GG-100;2;0.007817166
28;17.05;30.5;16;9.8;0.3;T-7;GG-100;2;0.007167936
28;17.05;30.5;17;9.3;0.3;T-7;GG-100;2;0.006437516
28;17.05;30.5;18;8.8;0.3;T-7;GG-100;2;0.00568157
28;17.05;30.5;19;8.2;0.3;T-7;GG-100;2;0.005122465
28;17.05;30.5;20;7.95;0.3;T-7;GG-100;2;0.004626569
28;17.05;30.5;21;7.39;0.3;T-7;GG-100;2;0.004096425
28;17.05;30.5;22;7.05;0.3;T-7;GG-100;2;0.003510435
28;17.05;30.5;23;6.3;0.3;T-7;GG-100;2;0.003068158
28;17.05;30.5;24;6.2;0.3;T-7;GG-100;2;0.002830575
28;17.05;30.5;25;5.8;0.3;T-7;GG-100;2;0.00226391
28;17.05;30.5;26;4.9;0.2;T-7;GG-100;2;0.001568051
28;17.05;30.5;27;3.99;0.2;T-7;GG-100;2;0.000831116
28;17.05;30.5;28;2.29;0.2;T-7;GG-100;2;0.0003477
28;17.05;30.5;29;1.9;0.1;T-7;GG-100;2;0.000192967
28;17.05;30.5;30;1.25;0.1;T-7;GG-100;2;0
29;17.1;29.6;0.1;18.95;0.7;T-7;GG-100;2;0.016351813
29;17.1;29.6;0.7;18.3;0.5;T-7;GG-100;2;0.014780408
29;17.1;29.6;1.3;17.1;0.5;T-7;GG-100;2;0.015521902
29;17.1;29.6;2;16.5;0.5;T-7;GG-100;2;0.019883925
29;17.1;29.6;3;15.3;0.4;T-7;GG-100;2;0.018028422
29;17.1;29.6;4;15;0.4;T-7;GG-100;2;0.016698449
29;17.1;29.6;5;14.15;0.4;T-7;GG-100;2;0.015450058
29;17.1;29.6;6;13.9;0.4;T-7;GG-100;2;0.01437799
29;17.1;29.6;7;13.15;0.3;T-7;GG-100;2;0.013427265
29;17.1;29.6;8;13;0.3;T-7;GG-100;2;0.012529555
29;17.1;29.6;9;12.25;0.3;T-7;GG-100;2;0.011453952
29;17.1;29.6;10;11.9;0.3;T-7;GG-100;2;0.010799716
29;17.1;29.6;11;11.55;0.3;T-7;GG-100;2;0.009947264
29;17.1;29.6;12;10.95;0.3;T-7;GG-100;2;0.009120927
29;17.1;29.6;13;10.6;0.3;T-7;GG-100;2;0.008458051
29;17.1;29.6;14;10.15;0.3;T-7;GG-100;2;0.007582336
29;17.1;29.6;15;9.49;0.3;T-7;GG-100;2;0.006577714
29;17.1;29.6;16;8.8;0.3;T-7;GG-100;2;0.005979334
29;17.1;29.6;17;8.65;0.3;T-7;GG-100;2;0.005514771
29;17.1;29.6;18;8.1;0.3;T-7;GG-100;2;0.005083494
29;17.1;29.6;19;7.99;0.3;T-7;GG-100;2;0.004514571
29;17.1;29.6;20;7.15;0.3;T-7;GG-100;2;0.003712993
29;17.1;29.6;21;6.59;0.3;T-7;GG-100;2;0.003190704
29;17.1;29.6;22;6.15;0.3;T-7;GG-100;2;0.002829201
29;17.1;29.6;23;5.85;0.3;T-7;GG-100;2;0.002510329
29;17.1;29.6;24;5.45;0.3;T-7;GG-100;2;0.001889142
29;17.1;29.6;25;4.29;0.2;T-7;GG-100;2;0.001137516
29;17.1;29.6;26;3.25;0.2;T-7;GG-100;2;0.000587969
29;17.1;29.6;27;2.1;0.2;T-7;GG-100;2;0.000307582
29;17.1;29.6;28;1.85;0.1;T-7;GG-100;2;0.000200802
29;17.1;29.6;29;1.4;0.1;T-7;GG-100;2;0
30;17.1;29.4;0.1;19.9;0.7;T-7;GG-100;2;0.016712488
30;17.1;29.4;0.7;17.7;0.5;T-7;GG-100;2;0.01427147
30;17.1;29.4;1.3;17.1;0.5;T-7;GG-100;2;0.015842767
30;17.1;29.4;2;16.85;0.4;T-7;GG-100;2;0.02082925
30;17.1;29.4;3;15.7;0.4;T-7;GG-100;2;0.018692967
30;17.1;29.4;4;15.15;0.3;T-7;GG-100;2;0.017673226
30;17.1;29.4;5;14.85;0.3;T-7;GG-100;2;0.015816839
30;17.1;29.4;6;13.5;0.3;T-7;GG-100;2;0.014473808
30;17.1;29.4;7;13.65;0.3;T-7;GG-100;2;0.013902529
30;17.1;29.4;8;12.95;0.3;T-7;GG-100;2;0.012820152
30;17.1;29.4;9;12.6;0.3;T-7;GG-100;2;0.011983998
30;17.1;29.4;10;12.1;0.3;T-7;GG-100;2;0.011404374
30;17.1;29.4;11;12;0.3;T-7;GG-100;2;0.011030525
30;17.1;29.4;12;11.7;0.3;T-7;GG-100;2;0.010257791
30;17.1;29.4;13;11.15;0.3;T-7;GG-100;2;0.009505085
30;17.1;29.4;14;10.85;0.3;T-7;GG-100;2;0.008870385
30;17.1;29.4;15;10.4;0.3;T-7;GG-100;2;0.008018915
30;17.1;29.4;16;9.8;0.3;T-7;GG-100;2;0.007095287
30;17.1;29.4;17;9.2;0.3;T-7;GG-100;2;0.006540109
30;17.1;29.4;18;9.05;0.3;T-7;GG-100;2;0.005856812
30;17.1;29.4;19;8.2;0.3;T-7;GG-100;2;0.004938682
30;17.1;29.4;20;7.65;0.3;T-7;GG-100;2;0.004140815
30;17.1;29.4;21;6.85;0.3;T-7;GG-100;2;0.003327928
30;17.1;29.4;22;6.15;0.3;T-7;GG-100;2;0.002829201
30;17.1;29.4;23;5.85;0.2;T-7;GG-100;2;0.002345395
30;17.1;29.4;24;5.05;0.2;T-7;GG-100;2;0.001677807
30;17.1;29.4;25;4.15;0.2;T-7;GG-100;2;0.00118244
30;17.1;29.4;26;3.59;0.2;T-7;GG-100;2;0.000944194
30;17.1;29.4;27;3.34;0.2;T-7;GG-100;2;0.000619605
30;17.1;29.4;28;2.15;0.2;T-7;GG-100;2;0.000280264
30;17.1;29.4;29;1.7;0.1;T-7;GG-100;2;0
31;17.45;30.5;0.1;19.9;0.5;T-7;GG-100;2;0.016670842
31;17.45;30.5;0.7;17.65;0.4;T-7;GG-100;2;0.014514747
31;17.45;30.5;1.3;17.45;0.4;T-7;GG-100;2;0.016036839
31;17.45;30.5;2;16.7;0.4;T-7;GG-100;2;0.020253145
31;17.45;30.5;3;15.39;0.3;T-7;GG-100;2;0.01784482
31;17.45;30.5;4;14.75;0.3;T-7;GG-100;2;0.016185682
31;17.45;30.5;5;13.95;0.3;T-7;GG-100;2;0.014484411
31;17.45;30.5;6;13.2;0.3;T-7;GG-100;2;0.013226203
31;17.45;30.5;7;12.75;0.3;T-7;GG-100;2;0.012568923
31;17.45;30.5;8;12.55;0.3;T-7;GG-100;2;0.011369526
31;17.45;30.5;9;11.49;0.3;T-7;GG-100;2;0.010423121
31;17.45;30.5;10;11.55;0.3;T-7;GG-100;2;0.010253078
31;17.45;30.5;11;11.3;0.3;T-7;GG-100;2;0.009335639
31;17.45;30.5;12;10.49;0.3;T-7;GG-100;2;0.008609637
31;17.45;30.5;13;10.45;0.3;T-7;GG-100;2;0.008294295
31;17.45;30.5;14;10.1;0.3;T-7;GG-100;2;0.007505406
31;17.45;30.5;15;9.44;0.3;T-7;GG-100;2;0.006852253
31;17.45;30.5;16;9.24;0.3;T-7;GG-100;2;0.006223499
31;17.45;30.5;17;8.55;0.2;T-7;GG-100;2;0.00576838
31;17.45;30.5;18;8.59;0.2;T-7;GG-100;2;0.005379608
31;17.45;30.5;19;7.95;0.2;T-7;GG-100;2;0.004720439
31;17.45;30.5;20;7.55;0.2;T-7;GG-100;2;0.004218079
31;17.45;30.5;21;7.1;0.2;T-7;GG-100;2;0.003563057
31;17.45;30.5;22;6.35;0.2;T-7;GG-100;2;0.003039907
31;17.45;30.5;23;6.09;0.2;T-7;GG-100;2;0.002576251
31;17.45;30.5;24;5.34;0.2;T-7;GG-100;2;0.001950756
31;17.45;30.5;25;4.6;0.2;T-7;GG-100;2;0.001523672
31;17.45;30.5;26;4.2;0.2;T-7;GG-100;2;0.001198836
31;17.45;30.5;27;3.59;0.2;T-7;GG-100;2;0.000825084
31;17.45;30.5;28;2.85;0.1;T-7;GG-100;2;0.00043246
31;17.45;30.5;29;1.7;0.1;T-7;GG-100;2;0.000148946
31;17.45;30.5;30;1.05;0.1;T-7;GG-100;2;0
32;17.15;30.4;0.1;19.6;0.8;T-7;GG-100;2;0.017290933
32;17.15;30.4;0.7;18.7;0.6;T-7;GG-100;2;0.015169475
32;17.15;30.4;1.3;17.15;0.6;T-7;GG-100;2;0.015254847
32;17.15;30.4;2;16.15;0.5;T-7;GG-100;2;0.020170301
32;17.15;30.4;3;15.9;0.4;T-7;GG-100;2;0.019120518
32;17.15;30.4;4;15.3;0.4;T-7;GG-100;2;0.017852591
32;17.15;30.4;5;14.85;0.4;T-7;GG-100;2;0.016859553
32;17.15;30.4;6;14.45;0.3;T-7;GG-100;2;0.015841677
32;17.15;30.4;7;13.95;0.3;T-7;GG-100;2;0.014640804
32;17.15;30.4;8;13.35;0.3;T-7;GG-100;2;0.013382596
32;17.15;30.4;9;12.75;0.3;T-7;GG-100;2;0.012519738
32;17.15;30.4;10;12.5;0.3;T-7;GG-100;2;0.012077068
32;17.15;30.4;11;12.3;0.3;T-7;GG-100;2;0.011409086
32;17.15;30.4;12;11.8;0.3;T-7;GG-100;2;0.010393959
32;17.15;30.4;13;11.2;0.3;T-7;GG-100;2;0.009852035
32;17.15;30.4;14;11.2;0.3;T-7;GG-100;2;0.00980815
32;17.15;30.4;15;11.15;0.3;T-7;GG-100;2;0.009505085
32;17.15;30.4;16;10.85;0.3;T-7;GG-100;2;0.008911324
32;17.15;30.4;17;10.45;0.3;T-7;GG-100;2;0.008294295
32;17.15;30.4;18;10.1;0.3;T-7;GG-100;2;0.007815988
32;17.15;30.4;19;9.85;0.3;T-7;GG-100;2;0.007316966
32;17.15;30.4;20;9.45;0.3;T-7;GG-100;2;0.006513503
32;17.15;30.4;21;8.75;0.3;T-7;GG-100;2;0.005304776
32;17.15;30.4;22;7.65;0.3;T-7;GG-100;2;0.004305749
32;17.15;30.4;23;7.15;0.2;T-7;GG-100;2;0.003591037
32;17.15;30.4;24;6.35;0.2;T-7;GG-100;2;0.002565209
32;17.15;30.4;25;5;0.2;T-7;GG-100;2;0.002023284
32;17.15;30.4;26;5.15;0.2;T-7;GG-100;2;0.001965263
32;17.15;30.4;27;4.85;0.2;T-7;GG-100;2;0.001616448
32;17.15;30.4;28;4.2;0.2;T-7;GG-100;2;0.001082377
32;17.15;30.4;29;3.15;0.2;T-7;GG-100;2;0.000504849
32;17.15;30.4;30;1.9;0.1;T-7;GG-100;2;0
33;18;31.8;0.1;18.65;0.5;T-7;GG-100;2;0.015914503
33;18;31.8;0.7;18.1;0.5;T-7;GG-100;2;0.015353199
33;18;31.8;1.3;18;0.5;T-7;GG-100;2;0.016390278
33;18;31.8;2;16.5;0.5;T-7;GG-100;2;0.020247957
33;18;31.8;3;15.6;0.4;T-7;GG-100;2;0.018216623
33;18;31.8;4;14.85;0.3;T-7;GG-100;2;0.016634144
33;18;31.8;5;14.25;0.3;T-7;GG-100;2;0.015726224
33;18;31.8;6;14.05;0.3;T-7;GG-100;2;0.015339317
33;18;31.8;7;13.9;0.3;T-7;GG-100;2;0.01474428
33;18;31.8;8;13.5;0.3;T-7;GG-100;2;0.013793555
33;18;31.8;9;13;0.3;T-7;GG-100;2;0.012433736
33;18;31.8;10;12.15;0.3;T-7;GG-100;2;0.010981539
33;18;31.8;11;11.49;0.3;T-7;GG-100;2;0.009936076
33;18;31.8;12;11;0.3;T-7;GG-100;2;0.00920575
33;18;31.8;13;10.65;0.3;T-7;GG-100;2;0.00882493
33;18;31.8;14;10.55;0.3;T-7;GG-100;2;0.00845648
33;18;31.8;15;10.2;0.3;T-7;GG-100;2;0.007704756
33;18;31.8;16;9.6;0.3;T-7;GG-100;2;0.006799977
33;18;31.8;17;9;0.2;T-7;GG-100;2;0.005951747
33;18;31.8;18;8.4;0.2;T-7;GG-100;2;0.005502327
33;18;31.8;19;8.34;0.2;T-7;GG-100;2;0.004963999
33;18;31.8;20;7.54;0.2;T-7;GG-100;2;0.00418437
33;18;31.8;21;7.05;0.2;T-7;GG-100;2;0.003794455
33;18;31.8;22;6.85;0.2;T-7;GG-100;2;0.003327928
33;18;31.8;23;6.15;0.2;T-7;GG-100;2;0.002852272
33;18;31.8;24;5.9;0.2;T-7;GG-100;2;0.00248679
33;18;31.8;25;5.34;0.2;T-7;GG-100;2;0.002043531
33;18;31.8;26;4.85;0.2;T-7;GG-100;2;0.001583854
33;18;31.8;27;4.1;0.2;T-7;GG-100;2;0.00103508
33;18;31.8;28;3.09;0.1;T-7;GG-100;2;0.000548133
33;18;31.8;29;2.1;0.1;T-7;GG-100;2;0.000266313
33;18;31.8;30;1.54;0.1;T-7;GG-100;2;0.00011543
33;18;31.8;31;0.85;0.1;T-7;GG-100;2;0
34;18;32.8;0.1;21.35;0.8;T-7;GG-100;2;0.019335698
34;18;32.8;0.7;19.1;0.5;T-7;GG-100;2;0.016229703
34;18;32.8;1.3;18;0.4;T-7;GG-100;2;0.017518424
34;18;32.8;2;17.7;0.4;T-7;GG-100;2;0.023920479
34;18;32.8;3;17.2;0.4;T-7;GG-100;2;0.022438826
34;18;32.8;4;16.6;0.4;T-7;GG-100;2;0.020874312
34;18;32.8;5;16;0.4;T-7;GG-100;2;0.019671181
34;18;32.8;6;15.65;0.4;T-7;GG-100;2;0.018453813
34;18;32.8;7;15;0.4;T-7;GG-100;2;0.01719504
34;18;32.8;8;14.59;0.3;T-7;GG-100;2;0.016001333
34;18;32.8;9;13.95;0.3;T-7;GG-100;2;0.014432673
34;18;32.8;10;13.15;0.3;T-7;GG-100;2;0.012975759
34;18;32.8;11;12.55;0.3;T-7;GG-100;2;0.011887198
34;18;32.8;12;12.05;0.3;T-7;GG-100;2;0.011216468
34;18;32.8;13;11.85;0.3;T-7;GG-100;2;0.010707824
34;18;32.8;14;11.5;0.3;T-7;GG-100;2;0.009731574
34;18;32.8;15;10.75;0.3;T-7;GG-100;2;0.00874482
34;18;32.8;16;10.35;0.3;T-7;GG-100;2;0.008495063
34;18;32.8;17;10.45;0.3;T-7;GG-100;2;0.007721446
34;18;32.8;18;9.35;0.2;T-7;GG-100;2;0.006270324
34;18;32.8;19;8.5;0.2;T-7;GG-100;2;0.004958709
34;18;32.8;20;7.35;0.2;T-7;GG-100;2;0.004073271
34;18;32.8;21;7.05;0.2;T-7;GG-100;2;0.003580477
34;18;32.8;22;6.44;0.2;T-7;GG-100;2;0.002963405
34;18;32.8;23;5.83;0.2;T-7;GG-100;2;0.002437833
34;18;32.8;24;5.3;0.2;T-7;GG-100;2;0.001970564
34;18;32.8;25;4.7;0.2;T-7;GG-100;2;0.001480181
34;18;32.8;26;3.95;0.2;T-7;GG-100;2;0.000942969
34;18;32.8;27;2.9;0.1;T-7;GG-100;2;0.000464661
34;18;32.8;28;1.85;0.1;T-7;GG-100;2;0.00019576
34;18;32.8;29;1.25;0.1;T-7;GG-100;2;8.97317E-05
34;18;32.8;30;0.85;0.1;T-7;GG-100;2;4.02517E-05
34;18;32.8;31;0.55;0.1;T-7;GG-100;2;1.27774E-05
34;18;32.8;32;0.2;0.1;T-7;GG-100;2;0
35;18;31.9;0.1;20.3;0.6;T-7;GG-100;2;0.018900273
35;18;31.9;0.7;19.75;0.5;T-7;GG-100;2;0.016824701
35;18;31.9;1.3;18;0.4;T-7;GG-100;2;0.017133579
35;18;31.9;2;17.3;0.4;T-7;GG-100;2;0.022574307
35;18;31.9;3;16.6;0.4;T-7;GG-100;2;0.020874312
35;18;31.9;4;16;0.3;T-7;GG-100;2;0.019007028
35;18;31.9;5;15.1;0.3;T-7;GG-100;2;0.017313243
35;18;31.9;6;14.59;0.3;T-7;GG-100;2;0.016502319
35;18;31.9;7;14.4;0.3;T-7;GG-100;2;0.015194313
35;18;31.9;8;13.4;0.3;T-8;GG-100;2;0.013636966
35;18;31.9;9;12.95;0.3;T-8;GG-100;2;0.01277077
35;18;31.9;10;12.55;0.3;T-8;GG-100;2;0.011982231
35;18;31.9;11;12.15;0.3;T-8;GG-100;2;0.01076722
35;18;31.9;12;11.25;0.3;T-8;GG-100;2;0.009508227
35;18;31.9;13;10.75;0.3;T-8;GG-100;2;0.008785562
35;18;31.9;14;10.4;0.3;T-8;GG-100;2;0.008213792
35;18;31.9;15;10.05;0.3;T-8;GG-100;2;0.007661265
35;18;31.9;16;9.7;0.3;T-8;GG-100;2;0.006911209
35;18;31.9;17;9.05;0.3;T-8;GG-100;2;0.005856812
35;18;31.9;18;8.2;0.2;T-8;GG-100;2;0.005122465
35;18;31.9;19;7.95;0.2;T-8;GG-100;2;0.004690889
35;18;31.9;20;7.5;0.2;T-8;GG-100;2;0.004105767
35;18;31.9;21;6.95;0.2;T-8;GG-100;2;0.003334212
35;18;31.9;22;6.05;0.2;T-8;GG-100;2;0.002731226
35;18;31.9;23;5.74;0.2;T-8;GG-100;2;0.002376226
35;18;31.9;24;5.25;0.2;T-8;GG-100;2;0.002103787
35;18;31.9;25;5.1;0.2;T-8;GG-100;2;0.001945137
35;18;31.9;26;4.85;0.2;T-8;GG-100;2;0.001536435
35;18;31.9;27;3.95;0.2;T-8;GG-100;2;0.001080119
35;18;31.9;28;3.45;0.2;T-8;GG-100;2;0.000820839
35;18;31.9;29;3;0.2;T-8;GG-100;2;0.000508942
35;18;31.9;30;1.99;0.1;T-8;GG-100;2;0.000225096
35;18;31.9;31;1.44;0.1;T-8;GG-100;2;0
36;18;32;0.1;19.75;0.5;T-8;GG-100;2;0.017081291
36;18;32;0.7;18.3;0.5;T-8;GG-100;2;0.01552473
36;18;32;1.3;18;0.4;T-8;GG-100;2;0.016076148
36;18;32;2;16.15;0.4;T-8;GG-100;2;0.020295572
36;18;32;3;16;0.4;T-8;GG-100;2;0.019126016
36;18;32;4;15.2;0.4;T-8;GG-100;2;0.017908649
36;18;32;5;15;0.3;T-8;GG-100;2;0.01664298
36;18;32;6;14.1;0.3;T-8;GG-100;2;0.015070613
36;18;32;7;13.6;0.3;T-8;GG-100;2;0.014262143
36;18;32;8;13.35;0.3;T-8;GG-100;2;0.013686545
36;18;32;9;13.05;0.3;T-8;GG-100;2;0.012774697
36;18;32;10;12.45;0.3;T-8;GG-100;2;0.011694775
36;18;32;11;11.95;0.3;T-8;GG-100;2;0.010892
36;18;32;12;11.6;0.3;T-8;GG-100;2;0.010298533
36;18;32;13;11.3;0.3;T-8;GG-100;2;0.009940392
36;18;32;14;11.2;0.3;T-8;GG-100;2;0.009506459
36;18;32;15;10.8;0.3;T-8;GG-100;2;0.008868814
36;18;32;16;10.45;0.3;T-8;GG-100;2;0.007907487
36;18;32;17;9.6;0.3;T-8;GG-100;2;0.006729684
36;18;32;18;8.9;0.3;T-8;GG-100;2;0.005848566
36;18;32;19;8.35;0.2;T-8;GG-100;2;0.00525127
36;18;32;20;8;0.2;T-8;GG-100;2;0.004634733
36;18;32;21;7.35;0.2;T-8;GG-100;2;0.004101055
36;18;32;22;7.1;0.2;T-8;GG-100;2;0.003583069
36;18;32;23;6.39;0.2;T-8;GG-100;2;0.003137454
36;18;32;24;6.25;0.2;T-8;GG-100;2;0.002971358
36;18;32;25;6.05;0.2;T-8;GG-100;2;0.002229062
36;18;32;26;4.49;0.2;T-8;GG-100;2;0.00143581
36;18;32;27;4.05;0.2;T-8;GG-100;2;0.00103378
36;18;32;28;3.15;0.1;T-8;GG-100;2;0.000708625
36;18;32;29;2.85;0.1;T-8;GG-100;2;0.000466766
36;18;32;30;1.94;0.1;T-8;GG-100;2;0.000224346
36;18;32;31;1.5;0.1;T-8;GG-100;2;0
37;18;32.5;0.1;21.2;0.6;T-8;GG-100;2;0.01949406
37;18;32.5;0.7;19.44;0.5;T-8;GG-100;2;0.01653845
37;18;32.5;1.3;18;0.5;T-8;GG-100;2;0.017324902
37;18;32.5;2;17.5;0.4;T-8;GG-100;2;0.022782535
37;18;32.5;3;16.55;0.4;T-8;GG-100;2;0.021189748
37;18;32.5;4;16.3;0.4;T-8;GG-100;2;0.020361447
37;18;32.5;5;15.9;0.4;T-8;GG-100;2;0.01954591
37;18;32.5;6;15.65;0.4;T-8;GG-100;2;0.018750792
37;18;32.5;7;15.25;0.4;T-8;GG-100;2;0.016939958
37;18;32.5;8;14.1;0.4;T-8;GG-100;2;0.014546359
37;18;32.5;9;13.1;0.3;T-8;GG-100;2;0.013375723
37;18;32.5;10;13;0.3;T-8;GG-100;2;0.012433736
37;18;32.5;11;12.15;0.3;T-8;GG-100;2;0.011404963
37;18;32.5;12;11.95;0.3;T-8;GG-100;2;0.010137531
37;18;32.5;13;10.74;0.3;T-8;GG-100;2;0.008818062
37;18;32.5;14;10.45;0.3;T-8;GG-100;2;0.008294295
37;18;32.5;15;10.1;0.2;T-8;GG-100;2;0.007854767
37;18;32.5;16;9.9;0.2;T-8;GG-100;2;0.007543749
37;18;32.5;17;9.7;0.2;T-8;GG-100;2;0.006946847
37;18;32.5;18;9.1;0.2;T-8;GG-100;2;0.006503882
37;18;32.5;19;9.1;0.2;T-8;GG-100;2;0.006016232
37;18;32.5;20;8.39;0.2;T-8;GG-100;2;0.00512294
37;18;32.5;21;7.75;0.2;T-8;GG-100;2;0.004422773
37;18;32.5;22;7.25;0.2;T-8;GG-100;2;0.004015937
37;18;32.5;23;7.05;0.2;T-8;GG-100;2;0.003505491
37;18;32.5;24;6.29;0.2;T-8;GG-100;2;0.002991055
37;18;32.5;25;6.05;0.2;T-8;GG-100;2;0.002399588
37;18;32.5;26;4.95;0.2;T-8;GG-100;2;0.001606336
37;18;32.5;27;4.05;0.2;T-8;GG-100;2;0.001046249
37;18;32.5;28;3.2;0.2;T-8;GG-100;2;0.000677897
37;18;32.5;29;2.65;0.1;T-8;GG-100;2;0.000439199
37;18;32.5;30;2.04;0.1;T-8;GG-100;2;0.000256558
37;18;32.5;31;1.54;0.1;T-8;GG-100;2;0.000122145
37;18;32.5;32;0.95;0.1;T-8;GG-100;2;0
38;18.7;33.8;0.1;23.03;0.5;T-8;GG-100;2;0.021640961
38;18.7;33.8;0.7;19.7;0.5;T-8;GG-100;2;0.017383532
38;18.7;33.8;1.3;18.7;0.5;T-8;GG-100;2;0.018818376
38;18.7;33.8;2;18.3;0.4;T-8;GG-100;2;0.024701263
38;18.7;33.8;3;17.15;0.4;T-8;GG-100;2;0.022163783
38;18.7;33.8;4;16.44;0.3;T-8;GG-100;2;0.021098512
38;18.7;33.8;5;16.34;0.3;T-8;GG-100;2;0.020164532
38;18.7;33.8;6;15.7;0.3;T-8;GG-100;2;0.018992891
38;18.7;33.8;7;15.4;0.3;T-8;GG-100;2;0.017914932
38;18.7;33.8;8;14.8;0.3;T-8;GG-100;2;0.016353659
38;18.7;33.8;9;14.05;0.3;T-8;GG-100;2;0.014646301
38;18.7;33.8;10;13.25;0.3;T-8;GG-100;2;0.013987788
38;18.7;33.8;11;13.44;0.3;T-8;GG-100;2;0.012890587
38;18.7;33.8;12;12.15;0.3;T-8;GG-100;2;0.011265064
38;18.7;33.8;13;11.8;0.3;T-8;GG-100;2;0.01043804
38;18.7;33.8;14;11.25;0.3;T-8;GG-100;2;0.009896115
38;18.7;33.8;15;11.2;0.3;T-8;GG-100;2;0.009548969
38;18.7;33.8;16;10.85;0.3;T-8;GG-100;2;0.008668636
38;18.7;33.8;17;10.15;0.3;T-8;GG-100;2;0.008252375
38;18.7;33.8;18;10.35;0.3;T-8;GG-100;2;0.008413381
38;18.7;33.8;19;10.35;0.3;T-8;GG-100;2;0.008055534
38;18.7;33.8;20;9.9;0.3;T-8;GG-100;2;0.007385496
38;18.7;33.8;21;9.49;0.3;T-8;GG-100;2;0.006933106
38;18.7;33.8;22;9.3;0.3;T-8;GG-100;2;0.006300857
38;18.7;33.8;23;8.6;0.3;T-8;GG-100;2;0.005480901
38;18.7;33.8;24;8.1;0.3;T-8;GG-100;2;0.004721111
38;18.7;33.8;25;7.39;0.3;T-8;GG-100;2;0.003987254
38;18.7;33.8;26;6.85;0.2;T-8;GG-100;2;0.003228226
38;18.7;33.8;27;5.94;0.2;T-8;GG-100;2;0.002846817
38;18.7;33.8;28;6.1;0.2;T-8;GG-100;2;0.002498729
38;18.7;33.8;29;5.14;0.2;T-8;GG-100;2;0.001491455
38;18.7;33.8;30;3.4;0.1;T-8;GG-100;2;0.000635485
38;18.7;33.8;31;2.15;0.1;T-8;GG-100;2;0.000315926
38;18.7;33.8;32;1.85;0.1;T-8;GG-100;2;0.000190729
38;18.7;33.8;33;1.3;0.1;T-8;GG-100;2;0
39;19.05;32.7;0.1;21.24;0.6;T-8;GG-100;2;0.019090833
39;19.05;32.7;0.7;18.95;0.5;T-8;GG-100;2;0.017011842
39;19.05;32.7;1.3;19.05;0.5;T-8;GG-100;2;0.018442464
39;19.05;32.7;2;17.55;0.5;T-8;GG-100;2;0.02324484
39;19.05;32.7;3;16.85;0.4;T-8;GG-100;2;0.02095295
39;19.05;32.7;4;15.8;0.4;T-8;GG-100;2;0.018816667
39;19.05;32.7;5;15.15;0.3;T-8;GG-100;2;0.017673226
39;19.05;32.7;6;14.85;0.3;T-8;GG-100;2;0.016634144
39;19.05;32.7;7;14.25;0.3;T-8;GG-100;2;0.016004549
39;19.05;32.7;8;14.3;0.3;T-8;GG-100;2;0.015672326
39;19.05;32.7;9;13.95;0.3;T-8;GG-100;2;0.014746047
39;19.05;32.7;10;13.45;0.3;T-8;GG-100;2;0.013946413
39;19.05;32.7;11;13.2;0.3;T-8;GG-100;2;0.013326734
39;19.05;32.7;12;12.85;0.3;T-8;GG-100;2;0.01242549
39;19.05;32.7;13;12.3;0.3;T-8;GG-100;2;0.011044662
39;19.05;32.7;14;11.4;0.3;T-8;GG-100;2;0.010198085
39;19.05;32.7;15;11.39;0.3;T-8;GG-100;2;0.009717519
39;19.05;32.7;16;10.85;0.3;T-8;GG-100;2;0.008356047
39;19.05;32.7;17;9.75;0.2;T-8;GG-100;2;0.006949399
39;19.05;32.7;18;9.05;0.2;T-8;GG-100;2;0.006797817
39;19.05;32.7;19;9.55;0.2;T-8;GG-100;2;0.006312956
39;19.05;32.7;20;8.34;0.2;T-8;GG-100;2;0.005339848
39;19.05;32.7;21;8.15;0.2;T-8;GG-100;2;0.005412375
39;19.05;32.7;22;8.45;0.2;T-8;GG-100;2;0.004983548
39;19.05;32.7;23;7.45;0.2;T-8;GG-100;2;0.00421533
39;19.05;32.7;24;7.2;0.2;T-8;GG-100;2;0.003878394
39;19.05;32.7;25;6.85;0.2;T-8;GG-100;2;0.003476369
39;19.05;32.7;26;6.45;0.2;T-8;GG-100;2;0.00309496
39;19.05;32.7;27;6.1;0.2;T-8;GG-100;2;0.002572666
39;19.05;32.7;28;5.32;0.2;T-8;GG-100;2;0.001501088
39;19.05;32.7;29;3.15;0.1;T-8;GG-100;2;0.000686634
39;19.05;32.7;30;2.75;0.1;T-8;GG-100;2;0.000415872
39;19.05;32.7;31;1.74;0.1;T-8;GG-100;2;0.00015809
39;19.05;32.7;32;1.1;0.1;T-8;GG-100;2;
